1,Abstract and Applied Analysis
2,Academic Exchange Quarterly
3,Academic Research Reviews
4,Academy of Contemporary Research Journal (AOCRJ)
5,ACME Intellects
6,Acoustics
7,Acta Advances in Agricultural Sciences (AAAS)
8,Acta de Gerencia Ciencia (CAGENA)
9,Acta Kinesiologica
10,Acta Medica International
11,Acta Neurologica Scandinavica
12,Acta Scientiae et Intellectus
13,Acta Velit
14,Active and Passive Electronic Components
15,Actuators
16,Adalya Journal (hijacker of a legitimate journal)
17,Administrative Sciences
18,Adolescents
19,Adsorption Science & Technology
20,Advance Research Journal of Multidisciplinary Discoveries
21,Advanced Gut & Microbiome Research
22,Advances in Aerospace Science and Technology
23,Advances in Aerospace Science and Technology (AAST)
24,Advances in Aging Research
25,Advances in Agriculture
26,Advances in Alzheimer's Disease
27,Advances in Anthropology
28,Advances in Applied Sociology
29,Advances in Astronomy
30,Advances in Biological Chemistry
31,Advances in Biomedicine and Pharmacy (ABP)
32,Advances in Bioscience and Biotechnology
33,Advances in Breast Cancer Research
34,Advances in Cell and Gene Therapy
35,Advances in Chemical Engineering and Science
36,Advances in Civil Engineering
37,Advances in Computed Tomography
38,Advances in Condensed Matter Physics
39,Advances in Entomology
40,Advances in Enzyme Research
41,Advances in Fixed Point Theory (published by SCIK Publishing Corporation)
42,Advances in Forestry Letter
43,Advances in Fuzzy Systems
44,Advances in Hematology
45,Advances in High Energy Physics
46,Advances in Historical Studies
47,Advances in Human-Computer Interaction
48,Advances in Infectious Diseases
49,Advances in Internet of Things
50,Advances in Journalism and Communication
51,Advances in Linear Algebra & Matrix Theory
52,Advances in Literary Study
53,Advances in Lung Cancer
54,Advances in Materials Physics and Chemistry
55,Advances in Materials Science and Engineering
56,Advances in Mathematical Physics
57,"Advances in Medical, Dental and Health Sciences (AMDHS)"
58,Advances in Medicine
59,Advances in Meteorology
60,Advances in Microbiology
61,Advances in Molecular Imaging
62,Advances in Multimedia
63,Advances in Nanoparticles
64,Advances in Operations Research
65,Advances in Orthopedics
66,Advances in Parkinson's Disease
67,Advances in Pharmacological and Pharmaceutical Sciences
68,Advances in Physical Education
69,Advances in Polymer Technology
70,Advances in Preventive Medicine
71,Advances in Public Health
72,Advances in Pure Mathematics
73,Advances in Remote Sensing
74,Advances in Reproductive Sciences
75,Advances in Respiratory Medicine
76,"Advances in Science, Technology and Engineering Systems Journal (ASTESJ, ASTES Journal)"
77,Advances in Sexual Medicine
78,Advances in Tribology
79,Advances in Urology
80,Advances in Virology
81,Aegaeum (hijacker of a legitimate journal)
82,Aerospace
83,Aerospace Research Communications
84,Afrasian Journal of Humanities and Social Sciences (AAJHSS)
85,"African Journal of Traditional, Complementary and Alternative Medicines (AJTCAM)"
86,Aging
87,Agrariae Liber
88,Agricultural Sciences
89,Agriculturae
90,Agriculture
91,AgriEngineering
92,Agrochemicals
93,Agrociencia (hijacker of the legitimate journal Agrociencia)
94,Agronomy
95,AGU International Journal of Engineering & Technology (AGUIJET)
96,AGU International Journal of Professional Studies & Research (AGUIJPSR)
97,AGU International Journal of Research in Social Science & Humanities (AGUIJRSSH)
98,Ahead International Journal of Recent Research Review (AIJRRR)
99,AI
100,AIDS Research and Treatment
101,Air
102,Al Ameen Journal of Medical Sciences (AJMS)
103,Algorithms
104,Allergies
105,Alloys
106,Aloy Journal of Soft Computing and Applications (AJSCA)
107,American Based Research Journal (ABRJ)
108,American International Journal of Contemporary Research (AIJCR)
109,American International Journal of Contemporary Scientific Research
110,American International Journal of Social Science (AIJSS)
111,American Journal of Advanced Agricultural Research (AJAAR)
112,American Journal of Advanced Drug Delivery
113,American Journal of Advanced Scientific Research (AJASR)
114,American Journal of Advances in Medical Science (ARNACA)
115,American Journal of Analytical Chemistry
116,American Journal of Biomedical Science & Research
117,American Journal of Biotechnology and Medical Research
118,American Journal of Climate Change
119,American Journal of Computational Mathematics
120,American Journal of Engineering Research
121,American Journal of Essential Oils and Natural Products (Essential Oil International Journal)
122,American Journal of Humanities and Social Sciences Research (AJHSSR)
123,American Journal of Industrial and Business Management
124,American Journal of Innovative Research and Applied Sciences (AJIRAS)
125,American Journal of Molecular Biology
126,American Journal of Multidisciplinary Research and Development (AJMRD)
127,American Journal of Operations Research
128,American Journal of Pharmacy and Health Research (AJPHR)
129,American Journal of PharmTech Research (AJPTR)
130,"American Journal of Physiology, Biochemistry and Pharmacology (AJPBP)"
131,American Journal of Phytomedicine and Clinical Therapeutics
132,American Journal of Plant Sciences
133,American Journal of Research Communication (AJRC)
134,American Journal of Scientific Research
135,American Journal of Social issues and Humanities
136,American Research Thoughts
137,"American Scientific Research Journal for Engineering, Technology, and Sciences (ASRJETS)"
138,American Transactions on Engineering & Applied Sciences
139,Amphibian & Reptile Conservation
140,"An International Journal of Advanced Computer Technology (COMPUSOFT, IJACT)"
141,Analytica
142,Analytical Cellular Pathology
143,Analytics
144,Anatomia
145,Andrologia
146,Anemia
147,Anesthesiology Research and Practice
148,"Anglisticum: International Journal of Literature, Linguistics & Interdisciplinary Studies"
149,Animals
150,Annals of British Medical Sciences (ABMS)
151,Annals of Clinical and Medical Case Reports (also here)
152,Annals of Clinical Case Reports
153,Annals of Dental Specialty
154,Annals of International Medical and Dental Research (AIMDR)
155,Annals of Medical and Biomedical Sciences (AMBS)
156,Annals of Phytomedicine
157,Antibiotics
158,Antibodies
159,Antioxidants
160,Applied and Environmental Soil Science
161,Applied Bionics and Biomechanics
162,Applied Biosciences
163,Applied Computational Intelligence and Soft Computing
164,Applied Mathematics
165,Applied Mechanics
166,Applied Microbiology
167,Applied Nano
168,Applied Research Journal
169,Applied Sciences
170,Applied System Innovation
171,AppliedChem
172,AppliedMath
173,Aquaculture Journal
174,Aquaculture Nutrition
175,Aquaculture Research
176,Arabian Journal of Medical Sciences (AJMS)
177,ARACÊ (ARE)
178,Archaea
179,Archaeological Discovery
180,Architecture
181,Archives Des Sciences Journal
182,Archives of Applied Medicine (related to KEI Journals)
183,Archives of Clinical and Experimental Surgery
184,ARCTIC Journal (hijacker of a legitimate journal)
185,ARNACA American Journal of Advances in Medical Science
186,ARPN Journal of Science and Technology
187,ARPN Journal of Systems and Software
188,Art and Design Review
189,Arthropoda
190,Arts
191,"Asia Pacific Journal of Education, Arts and Sciences (APJEAS)"
192,Asia Pacific Journal of Multidisciplinary Research
193,Asian Journal of Advanced Research and Reports (AJARR) (associated with ScienceDomain International)
194,Asian Journal of Applied Science and Engineering
195,Asian Journal of Applied Science and Technology
196,Asian Journal of Biomedical and Pharmaceutical Sciences
197,Asian Journal of Business and Management Sciences (AJBMS)
198,Asian Journal of Chemistry
199,Asian Journal of Emerging Research
200,Asian Journal of Health and Medical Sciences
201,Asian Journal of Humanities and Social Sciences
202,Asian Journal of Mathematics and Applications
203,Asian Journal of Multidisciplinary Studies
204,Asian Journal of Pharmaceutical and Health Sciences
205,Asian Journal of Pharmaceutical Research and Health Care (AJPRHC)
206,Asian Journal of Pharmacy and Life Science
207,Asian Journal of Science and Technology (Science and Technology Asian Journal)
208,Asian Pacific Journal of Health Sciences (APJHS)
209,Asian Pacific Journal of Natural Products (APJNP)
210,Asian Pacific Journal of Pharmacy and Phytochemistry (APJPP)
211,Asian Pacific Journal of Tropical Disease
212,Asian Research Journal of Business Management (ARJBM)
213,Asia-Pacific Journal of Research
214,Astronomical Review
215,Astronomy
216,Atmosphere
217,Atmospheric and Climate Sciences
218,Atoms
219,Audiology Research
220,Aurora’s International Journal of Computing​
221,Australasian Journal of Herpetology
222,Australasian Medical Journal (AMJ)
223,Australian Journal of Basic and Applied Sciences
224,Australian Journal of Business and Management Research (AJBMR)
225,Australian Journal of Grape and Wine Research
226,Autism Research and Treatment
227,Autoimmune Diseases
228,Automation
229,Averroes European Medical Journal (Averroes-EMJ)
230,Axioms
231,Ayupharm: International Journal of Ayurveda and Allied Sciences
232,Ayushdhar
233,Bacteria
234,Batteries
235,Batteries and Electrochemistry
236,Behavioral Sciences
237,Behavioural Neurology
238,Beijing Law Review
239,Beverages
240,Big Data and Cognitive Computing
241,Bio Bulletin
242,BioChem
243,Biochemistry Research International
244,Bioengineering
245,Bioinformation
246,Bioinorganic Chemistry and Applications
247,Biointerface Research in Applied Chemistry
248,Biologics
249,Biology
250,Biology and Life Sciences Forum *
251,Biomass
252,Biomaterials and Tissue Engineering Bulletin
253,Biomechanics
254,BioMed
255,BioMed Research International
256,Biomedical & Pharmacology Journal
257,Biomedical Engineering Review
258,Biomedical Journal of Scientific & Technical Research (BJSTR) (and here)
259,Biomedicines
260,BioMedInformatics
261,Biomimetics
262,Biomolecules
263,Bionano Frontier
264,Biopharm Journal
265,Biophysica
266,Bioresearch Bulletin
267,Bioscience and Bioengineering Communications (BBC)
268,Bioscience Biotechnology Research Communications (BBRC)
269,Bioscience Discovery
270,Biosciences International
271,"Biosciences, Biotechnology Research Asia (BBRA)"
272,Biosensors
273,BioTech
274,Biotechnological Research
275,Birds
276,Blockchains
277,BOREAL ENVIRONMENT RESEARCH (hijacker of a legitimate journal)
278,Botany Journal
279,Brain Sciences
280,Bratislava Medical Journal
281,Brazilian Applied Science Review
282,Brazilian Journal of Animal and Environmental Research
283,Brazilian Journal of Business
284,Brazilian Journal of Development
285,Brazilian Journal of Health Review
286,Brazilian Journal of Technology
287,British Biomedical Bulletin
288,British Journal of Biomedical Research (BJBMR)
289,"British Journal of Economics, Finance and Management Sciences"
290,British Journal of Interdisciplinary Studies
291,British Journal of Medical & Health Sciences (BJMHS)
292,British Journal of Medical and Health Research (BJMHR)
293,British Journal of Pharmaceutical and Medical Research​ (BJPMR)
294,British Journal of Science
295,Buildings
296,Buletin Teknologi Makanan
297,Bulletin of Applied and Research Science (BARS)
298,"Bulletin of Environment, Pharmacology and Life Sciences (BEPLS)"
299,Bulletin of Mathematical Sciences & Applications
300,Bulletin of Pharmaceutical Research
301,Bulletin of Society for Mathematical Services and Standards
302,Business and Economics Journal
303,Business Journal
304,Businesses
305,C
306,Caderno Pedagógico / Revista Caderno Pedagógico (CADPED)
307,Calodema
308,Canadian Chemical Transactions
309,Canadian International Journal of Science and Technology
310,Canadian Journal of Basic and Applied Sciences
311,Canadian Journal of Biomedical Research and Technology (CJBRT)
312,Canadian Journal of Biotechnology
313,Canadian Journal of Gastroenterology and Hepatology
314,Canadian Journal of Infectious Diseases and Medical Microbiology
315,Canadian Journal of Pure and Applied Sciences
316,Canadian Respiratory Journal
317,Canadian Scientific Journal
318,Cancer Research Frontiers
319,Cancers
320,Cardiogenetics
321,Cardiology and Cardiovascular Medicine
322,Cardiology Research and Practice
323,Cardiovascular Therapeutics
324,Caribbean Journal of Science and Technology
325,Case Reports in Anesthesiology
326,Case Reports in Cardiology
327,Case Reports in Clinical Medicine
328,Case Reports in Critical Care
329,Case Reports in Dentistry
330,Case Reports in Dermatological Medicine
331,Case Reports in Emergency Medicine
332,Case Reports in Endocrinology
333,Case Reports in Gastrointestinal Medicine
334,Case Reports in Genetics
335,Case Reports in Hematology
336,Case Reports in Hepatology
337,Case Reports in Immunology
338,Case Reports in Infectious Diseases
339,Case Reports in Medicine
340,Case Reports in Nephrology
341,Case Reports in Neurological Medicine
342,Case Reports in Obstetrics and Gynecology
343,Case Reports in Oncological Medicine
344,Case Reports in Ophthalmological Medicine
345,Case Reports in Orthopedics
346,Case Reports in Otolaryngology
347,Case Reports in Pathology
348,Case Reports in Pediatrics
349,Case Reports in Psychiatry
350,Case Reports in Pulmonology
351,Case Reports in Radiology
352,Case Reports in Rheumatology
353,Case Reports in Surgery
354,Case Reports in Transplantation
355,Case Reports in Urology
356,Case Reports in Vascular Medicine
357,Case Reports in Veterinary Medicine
358,Case Study and Case Report
359,Catalysts
360,CCAMLR Science (hijacker of a legitimate journal)
361,Cell Medicine (published by Cognizant Communication Corporation)
362,CellBio
363,Cells
364,Cellular and Molecular Biology also here
365,Cellular Microbiology
366,Centrum
367,Ceramics
368,Challenges
369,ChemEngineering
370,Chemical Science Transactions
371,Chemistry
372,Chemistry Proceedings *
373,Chemistry Research Journal
374,Chemosensors
375,Children
376,Chinese Medicine
377,Chinese Studies
378,Chips
379,Circuits and Systems
380,Civicae
381,CivilEng
382,Clean Technologies
383,Climate
384,Clinical and Translational Neuroscience
385,Clinics and Practice
386,Clinics in Oncology
387,Clinics in Surgery
388,Clocks & Sleep
389,Coasts
390,Coatings
391,Colloids and Interfaces
392,Colorants
393,Columban Journal of Life Sciences
394,Commodities
395,Communications and Network
396,Communications on Applied Electronics (CAE)
397,Complexity
398,Complications
399,Compounds
400,Computation
401,Computational and Mathematical Methods
402,Computational and Mathematical Methods in Medicine
403,Computational Chemistry
404,Computational Intelligence and Neuroscience
405,Computational Molecular Bioscience
406,Computational Research Progress in Applied Science & Engineering
407,"Computational Water, Energy, and Environmental Engineering"
408,Computer Science Chronicle
409,Computer Science Journal
410,Computer Sciences & Mathematics Forum *
411,Computers
412,"Concepts in Magnetic Resonance Part A, Bridging Education and Research"
413,"Concepts in Magnetic Resonance Part B, Magnetic Resonance Engineering"
414,Condensed Matter
415,Conservation
416,Construction Materials
417,Contemporary Research in India
418,Contemporary Sociological Global Review (CSGR)
419,Contrast Media & Molecular Imaging
420,Contribuciones a Las Ciencias Sociales
421,Core Evidence (published by Dove Press)
422,Corrosion and Materials Degradation
423,Cosmetics
424,COVID
425,Creative Education
426,Critical Care Research and Practice
427,Crops
428,Cryptography
429,Crystal Structure Theory and Applications
430,Crystals
431,Cumhuriyet Science Journal
432,Current Biomarker Findings (published by Dove Press)
433,Current Biotica
434,Current Botany
435,Current Discovery
436,Current Gerontology and Geriatrics Research
437,Current Issues in Molecular Biology
438,Current Journal of Applied Science and Technology (CJAST) (associated with ScienceDomain International)
439,Current Neurobiology (Journal of Current Neurobiology)
440,Current Oncology
441,Current Science
442,Current Trends in Technology and Sciences (CTTS)
443,Current Urban Studies
444,Dairy
445,Danish Scientific Journal (DSJ)
446,Data
447,DAV International Journal of Science (DAVIJS)
448,Degenerative Neurological and Neuromuscular Disease (published by Dove Press)
449,Dentistry Journal
450,Depression and Anxiety
451,Depression Research and Treatment
452,Der Pharma Chemica
453,Dermato
454,Dermatologic Therapy
455,Dermatology Research and Practice
456,Dermatopathology
457,Designs
458,Detection
459,Diabetology
460,Diagnostics
461,Dietetics
462,Digital
463,Direct Research Journals
464,Disabilities
465,Discrete Dynamics in Nature and Society
466,Disease Markers
467,Diseases
468,Disseminate Knowledge
469,Diversity
470,Diyala Journal for Pure Science (DJPS)
471,DNA
472,Drones
473,Drugs and Drug Candidates
474,Dynamics
475,Dystonia
476,Earth
477,East European Science Journal (Czasopismo Naukowe)
478,Eastern Academic Journal
479,Eastern European Scientific Journal
480,Ecoforum
481,Ecoletra.com Scientific eJournal
482,Ecologies
483,Econometrics
484,Economies
485,Education Reform Journal (new website here)
486,Education Research International
487,Education Sciences
488,Educationis
489,EDUVED Global Management Research (GMR)
490,"Eduved, International Journal of Interdisciplinary Research"
491,E-Health Telecommunication Systems and Networks
492,Electricity
493,Electrochem
494,Electronic Journal of Biology (eJBio)
495,Electronic Journal of Engineering and Technology (EJET)
496,Electronic Journal of Vocational Colleges
497,Electronic Materials
498,Electronics
499,E-Library Science Research Journal
500,Elixir International Journal (formerly Elixir Online Journal)
501,Emergency Medicine International
502,Encyclopedia
503,Endocrines
504,Energies
505,Energy and Power Engineering
506,Eng
507,Engineering
508,Engineering & IT Journal (EIT Journal)
509,Engineering Physics and Thermodynamics Journal
510,Engineering Proceedings *
511,Engineering Research Journal
512,Engineering Sciences
513,Entomology and Applied Science Letters (EASL)
514,Entrepreneurship
515,Entropy
516,Environmental Sciences Proceedings *
517,Environments
518,Epidemiologia
519,Epigenomes
520,ESSENCE: International Journal for Environmental Rehabilitation and Conservation
521,Environmental Scientiae
522,Estudos de Psicologia (Campinas)
523,Euro-Afro Journal of Arts and Social Sciences (EAJASS)
524,European Academic Research
525,European Burn Journal
526,European Chemical Bulletin (ECB)
527,European Chronicle
528,European Environmental Sciences and Ecology Journal
529,European International Journal of Science and Humanities (EIJSH)
530,"European International Journal of Science and Technology (Center for Enhancing Knowledge, UK)"
531,European Journal of Academic Essays (EJAE)
532,European Journal of Advanced Computer Science (EJACS)
533,European Journal of Advances in Engineering & Technology (EJAET)
534,European Journal of Biomedical and Pharmaceutical Sciences (EJBPS)
535,European Journal of Biotechnology and Bioscience
536,European Journal of Business and Social Sciences (EJBSS)
537,European Journal of Cancer Care
538,European Journal of Chemistry (EurJChem)
539,"European Journal of Contemporary Economics and Management (EJCEM, EJEM)"
540,European Journal of Cultural Management and Policy
541,"European Journal of Economics, Finance and Administrative Sciences (Revue Européenne d’Economie, Finance et Sciences de l’Administration)"
542,European Journal of Educational Research (EUJER) (this is a different journal to the legitimate EU-JER journal)
543,European Journal of Educational Sciences (EJES)
544,European Journal of Engineering Research and Science (EJERS)
545,European Journal of General Dentistry
546,"European Journal of Investigation in Health, Psychology and Education"
547,European Journal of Molecular & Clinical Medicine (EJMCM)
548,European Journal of Natural History (EJNH)
549,European Journal of Pharmaceutical and Medical Research (EJPMR)
550,European Journal of Science and Theology
551,European Journal of Scientific Research
552,European Journal of Social Sciences (Revue Européenne des Sciences Sociales)
553,European Journal of Sustainable Development
554,European Law and Politics Journal (ELPJ)
555,European Online Journal of Natural and Social Sciences
556,European Research Studies Journal (ERSJ)
557,European Scientific Journal
558,Evidence-Based Complementary and Alternative Medicine
559,Experimental and Theoretical Nanotechnology
560,Fermentation
561,Fibers
562,FinTech
563,Fire
564,First Independent Scientific Journal
565,Fishes
566,Fluids
567,FLUIDS: International Journal of Medical Fluid Management
568,Food and Nutrition Sciences
569,Food Biology
570,Foods
571,Forecasting
572,Forensic Medicine and Anatomy Research
573,Forensic Sciences
574,Forests
575,FOREX Technical Journal Library
576,Foundations
577,FOURRAGES (hijacker of a legitimate journal)
578,Fractal and Fractional
579,Frontiers for Young Minds
580,Frontiers in Aerospace Engineering
581,Frontiers in Aging
582,Frontiers in Aging Neuroscience
583,Frontiers in Agronomy
584,Frontiers in Allergy
585,Frontiers in Amphibian and Reptile Science
586,Frontiers in Analytical Science
587,Frontiers in Anesthesiology
588,Frontiers in Animal Science
589,Frontiers in Antennas and Propagation
590,Frontiers in Antibiotics
591,Frontiers in Applied Mathematics and Statistics
592,Frontiers in Aquaculture
593,Frontiers in Arachnid Science
594,Frontiers in Artificial Intelligence
595,Frontiers in Astronomy and Space Sciences
596,Frontiers in Bee Science
597,Frontiers in Behavioral Economics
598,Frontiers in Behavioral Neuroscience
599,Frontiers in Big Data
600,Frontiers in Bioengineering and Biotechnology
601,Frontiers in Bioinformatics
602,Frontiers in Biomaterials Science
603,Frontiers in Bird Science
604,Frontiers in Blockchain
605,Frontiers in Built Environment
606,Frontiers in Carbon
607,Frontiers in Cardiovascular Medicine
608,Frontiers in Catalysis
609,Frontiers in Cell and Developmental Biology
610,Frontiers in Cell Death
611,Frontiers in Cellular and Infection Microbiology
612,Frontiers in Cellular Neuroscience
613,Frontiers in Chemical Biology
614,Frontiers in Chemical Engineering
615,Frontiers in Chemistry
616,Frontiers in Child and Adolescent Psychiatry
617,Frontiers in Climate
618,Frontiers in Clinical Diabetes and Healthcare
619,Frontiers in Cognition
620,Frontiers in Communication
621,Frontiers in Communications and Networks
622,Frontiers in Computational Neuroscience
623,Frontiers in Computer Science
624,Frontiers in Conservation Science
625,Frontiers in Control Engineering
626,Frontiers in Dementia
627,Frontiers in Dental Medicine
628,Frontiers in Digital Health
629,Frontiers in Digital Humanities
630,Frontiers in Disaster and Emergency Medicine
631,Frontiers in Drug Delivery
632,Frontiers in Drug Discovery
633,Frontiers in Drug Safety and Regulation
634,Frontiers in Earth Science
635,Frontiers in Ecology and Evolution
636,Frontiers in Education
637,Frontiers in Electronic Materials
638,Frontiers in Electronics
639,Frontiers in Endocrinology
640,Frontiers in Energy Efficiency
641,Frontiers in Energy Research
642,Frontiers in Environmental Archaeology
643,Frontiers in Environmental Chemistry
644,Frontiers in Environmental Economics
645,Frontiers in Environmental Engineering
646,Frontiers in Environmental Health
647,Frontiers in Environmental Science
648,Frontiers in Epidemiology
649,Frontiers in Ethology
650,Frontiers in Evolutionary Neuroscience
651,Frontiers in Food Science and Technology
652,Frontiers in Forests and Global Change
653,Frontiers in Fuels
654,Frontiers in Fungal Biology
655,Frontiers in Future Transportation
656,Frontiers in Gastroenterology
657,Frontiers in Genetics
658,Frontiers in Genome Editing
659,Frontiers in Geochemistry
660,Frontiers in Global Women's Health
661,Frontiers in Health Services
662,Frontiers in Hematology
663,Frontiers in High Performance Computing
664,Frontiers in Horticulture
665,Frontiers in Human Dynamics
666,Frontiers in Human Neuroscience
667,Frontiers in ICT
668,Frontiers in Imaging
669,Frontiers in Immunology
670,Frontiers in Insect Science
671,Frontiers in Integrative Neuroscience
672,Frontiers in Lab on a Chip Technologies
673,Frontiers in Language Sciences
674,Frontiers in Lupus
675,Frontiers in Malaria
676,Frontiers in Mammal Science
677,Frontiers in Manufacturing Technology
678,Frontiers in Marine Science
679,Frontiers in Materials
680,Frontiers in Mechanical Engineering
681,Frontiers in Medical Case Reports
682,Frontiers in Medical Technology
683,Frontiers in Medicine
684,Frontiers in Membrane Science and Technology
685,Frontiers in Metals and Alloys
686,Frontiers in Microbiology
687,Frontiers in Microbiomes
688,Frontiers in Molecular Biosciences
689,Frontiers in Molecular Medicine
690,Frontiers in Molecular Neuroscience
691,Frontiers in Nanotechnology
692,Frontiers in Natural Products
693,Frontiers in Nephrology
694,Frontiers in Network Physiology
695,Frontiers in Neural Circuits
696,Frontiers in Neuroanatomy
697,Frontiers in Neuroenergetics
698,Frontiers in Neuroengineering
699,Frontiers in Neuroergonomics
700,Frontiers in Neuroimaging
701,Frontiers in Neuroinformatics
702,Frontiers in Neurology
703,Frontiers in Neurorobotics
704,Frontiers in Neuroscience
705,Frontiers in Nuclear Engineering
706,Frontiers in Nuclear Medicine
707,Frontiers in Nutrition
708,Frontiers in Oncology
709,Frontiers in Ophthalmology
710,Frontiers in Oral Health
711,Frontiers in Pain Research
712,Frontiers in Parasitology
713,Frontiers in Pediatrics
714,Frontiers in Pharmacology
715,Frontiers in Photonics
716,Frontiers in Physics
717,Frontiers in Physiology
718,Frontiers in Plant Science
719,Frontiers in Political Science
720,Frontiers in Psychiatry
721,Frontiers in Psychology
722,Frontiers in Public Health
723,Frontiers in Quantum Science and Technology
724,Frontiers in Radiology
725,Frontiers in Rehabilitation Sciences
726,Frontiers in Remote Sensing
727,Frontiers in Reproductive Health
728,Frontiers in Research Metrics and Analytics
729,Frontiers in Robotics and AI
730,Frontiers in Science
731,Frontiers in Sensors
732,Frontiers in Signal Processing
733,Frontiers in Sleep
734,Frontiers in Smart Grids
735,Frontiers in Sociology
736,Frontiers in Soft Matter
737,Frontiers in Soil Science
738,Frontiers in Space Technologies
739,Frontiers in Sports and Active Living
740,Frontiers in Stroke
741,Frontiers in Surgery
742,Frontiers in Sustainability
743,Frontiers in Sustainable Cities
744,Frontiers in Sustainable Energy Policy
745,Frontiers in Sustainable Food Systems
746,Frontiers in Sustainable Resource Management
747,Frontiers in Sustainable Tourism
748,Frontiers in Synaptic Neuroscience
749,Frontiers in Systems Biology
750,Frontiers in Systems Neuroscience
751,Frontiers in the Internet of Things
752,Frontiers in Thermal Engineering
753,Frontiers in Toxicology
754,Frontiers in Transplantation
755,Frontiers in Tropical Diseases
756,Frontiers in Urology
757,Frontiers in Veterinary Science
758,Frontiers in Virology
759,Frontiers in Virtual Reality
760,Frontiers in Water
761,Fuels
762,"Functional Analysis: Theory, Method & Applications (FATMA)"
763,Future
764,Future Internet
765,Future Pharmacology
766,Future Transportation
767,Galaxies
768,Galaxy: International Multidisciplinary Research Journal
769,Games
770,Gases
771,Gastroenterology Insights
772,Gastroenterology Research and Practice
773,GastroHep
774,Gastrointestinal Disorders
775,Gastronomy
776,Gels
777,Genealogy
778,Generics and Biosimilars Initiative Journal (GaBI Journal)
779,Genes
780,Genes & Cancer
781,Genetics and Molecular Research
782,Genetics Research
783,Geodynamics Research International Bulletin (GRIB)
784,Geofluids
785,Geographies
786,GeoHazards
787,Geomaterials
788,Geomatics
789,Geosciences
790,Geotechnics
791,Geriatrics
792,"G-Journal of Education, Social Science and Humanities (GJESH)"
793,G-Journal of Environmental Science and Technology (GJEST)
794,Global Business & Finance Review
795,"Global Health, Epidemiology and Genomics"
796,Global Journal for Research Analysis (GJRA)
797,Global Journal of Advance Research on Classical and Modern Geometries
798,Global Journal of Advanced Engineering Technologies and Sciences (GJAETS)
799,Global Journal of Advanced Research (GJAR)
800,Global Journal of Animal Scientific Research (GJASR)
801,Global Journal of Business and Social Science Review (GJBSSR)
802,Global Journal of Business and Social Science (GJBSS)
803,Global Journal of Engineering Science and Research Management (GJESRM)
804,Global Journal of Engineering Science and Researches (GJESR)
805,Global Journal of Management Science and Technology
806,Global Journal of Medical and Health Sciences (GJM)
807,Global Journal of Medicine and Public Health
808,Global Journal of Multidisciplinary Studies (GJMS)
809,Global Journal of Research in Agriculture & Life Sciences
810,Global Journal of Research in Business Management
811,Global Journal of Research in Dental Sciences
812,Global Journal of Research in Education & Literature
813,Global Journal of Research in Engineering & Computer Sciences
814,Global Journal of Research in Humanities & Cultural Studies
815,Global Journal of Research in Medical Sciences
816,Global Journal of Research on Medicinal Plants & Indigenous Medicine
817,Global Media Journal
818,Global Scholastic Research Journal
819,Global Scientific Journal – GSJ Publication
820,Golden Research Thoughts
821,"Gout, Urate, and Crystal Deposition Disease"
822,Graphene
823,Grasses
824,Green and Sustainable Chemistry
825,Hardware
826,HCTL Open International Journal of Technology Innovations and Research (IJTIR)
827,Health
828,Health & Social Care in the Community
829,Health of Humans
830,Healthcare
831,Hearts
832,Hemato
833,Hematology Reports
834,Heritage
835,Heteroatom Chemistry
836,High Technology Letters (hijacker of a legitimate journal)
837,Hiperboreea Journal
838,Histories
839,HortFlora Research Spectrum (HRS)
840,Horticulturae
841,Hospitals
842,Human Behavior and Emerging Technologies
843,Human Mutation
844,Humanities
845,Humans
846,Humanum Sciences
847,Hydrobiology
848,Hydrogen
849,Hydrology
850,Hygeia: Journal for Drugs and Medicines
851,Hygiene
852,IARS’ International Research Journal (I’IRJ)
853,IARTEM e-journal
854,IBMRD’s Journal of Management Research
855,iBusiness
856,Iconic Research & Engineering Journals (IRE Journals)
857,Ideal Journal of Arts and Humanities (IJAH)
858,Ideal Journal of Economics and Management Sciences (IJEMS)
859,Ideal Journal of Education and Policy Studies (IJEPAS)
860,Ideal Journal of Engineering and Applied Sciences (IJEAS)
861,Ideal Journal of Psychology and Theology (IJOPAT)
862,Ideal Journal of Pure and Applied Sciences (IJESAM)
863,"IJPUB – International Peer Reviewed, Open Access Journal (also see International Journal of Creative Research Thoughts - IJCRT)"
864,Immuno
865,Indian Journal of Advanced Nursing (IJAN)
866,Indian Journal of Advances in Chemical Science (IJACS)
867,Indian Journal of Applied Research
868,Indian Journal of Applied-Basic Medical Sciences
869,Indian Journal of Drugs
870,Indian Journal of Medical Research and Pharmaceutical Sciences (IJMRPS)
871,Indian Journal of Natural Sciences (IJONS)
872,Indian Journal of Pharmaceutical and Biological Research (IJPBR)
873,Indian Journal of Pharmaceutical Science & Research (IJPSR)
874,Indian Journal of Public Health Research and Development
875,Indian Journal of Research Anvikshiki
876,Indian Journal of Research in Pharmacy and Biotechnology (IJRPB)
877,Indian Journal of Scientific Research and Technology (INDJSRT)
878,Indian Journal of Scientific Research (IJSR)
879,Indian Research Journal of Pharmacy and Science
880,Indian Scholar
881,Indian Streams Research Journal
882,Indo American Journal of Pharmaceutical Research
883,Indo American Journal of Pharmaceutical Sciences (IAJPS)
884,Indo-Global Journal of Pharmaceutical Sciences
885,Indonesian Journal of Business Finance and Accounting (IJBFA)
886,Indonesian Journal of Management and Business Economics (IJMBE)
887,Indoor Air
888,Industrial Science Journal
889,Infectious Disease Reports
890,Infectious Diseases in Obstetrics and Gynecology
891,Informatics
892,Information
893,INFORMATION-An International Interdisciplinary Journal
894,InfraMatics
895,Infrastructures
896,Innovations in Pharmaceuticals and Pharmacotherapy (IPP)
897,Inorganics
898,Insects
899,Institute of Electrical & Electronics Engineers Advanced Journal (IEEEAJ)
900,Instruments
901,Integrated Journal of British (IJBRITISH)
902,Intelligent Control and Automation
903,Intelligent Information Management
904,Interciencia (hijacker of a legitimate journal)
905,Interdisciplinary Journal of Contemporary Research in Business
906,Interdisciplinary Journal of Research in Business (IDJRB)
907,Interdisciplinary Perspectives on Infectious Diseases
908,Interdisciplinary Toxicology (interTOX)
909,Internal Medicine Review
910,"International Advanced Research Journal in Science, Engineering and Technology (IARJSET)"
911,International Archives of BioMedical and Clinical Research (IABCR)
912,International Archives of Medicine
913,International Ayurvedic Medical Journal (IAMJ)
914,International Biology Review
915,International Bulletin of Business Administration (Bulletin International d’Administration des Entreprises)
916,International Bulletin of Drug Research
917,International Cardiovascular Forum (ICF)
918,International Chemistry Review
919,International Contemporary Management Review (ICMR)
920,International Design Journal
921,International Economic Letters
922,International Education and Leadership
923,International Education and Research Journal (IERJ)
924,International Educational Applied Research Journal (IEARJ)
925,International Educational Applied Scientific Research Journal (IEASRJ)
926,International Educational E-Journal
927,International Educational Scientific Research Journal (IESRJ)
928,International Interdisciplinary Journal of Scientific Research (IIJSR)
929,International Invention of Scientific Journal (IISJ)
930,"International Journal & Magazine of Engineering, Technology, Management and Research (IJMETMR)"
931,International Journal Advances in Social Science and Humanities (IJASSH)
932,International Journal and Bulletin of Multidisciplinary Research (IJBMR)
933,International Journal for Advanced Review and Research in Pharmacy (IJARRP)
934,International Journal for Development of Computer Science and Technology (IJDCST)
935,International Journal for Engineering and Emerging Technologies (IJFEET)
936,International Journal for Innovation Education and Research (IJIER)
937,International Journal for Innovative Research in Multidisciplinary Field (IJIRMF)
938,International Journal for Innovative Research in Science and Technology (IJIRST)
939,International Journal for Modern Trends in Science and Technology (IJMTST)
940,International Journal for Pharmaceutical Research Scholars (IJPRS)
941,International Journal for Research & Development in Technology (IJRDT)
942,International Journal for Research in Applied Science and Engineering Technology (IJRASET)
943,International Journal for Research in Emerging Science and Technology (IJREST)
944,International Journal for Research in Engineering Application & Management (IJREAM)
945,International Journal for Scientific Research & Development
946,International Journal for Technological Research in Engineering (IJTRE)
947,International Journal of Abdominal Research (IJAR)
948,International Journal of Academic Research
949,International Journal of Academic Studies (IJAS)
950,International Journal of Advance and Innovative Research (IJAIR)
951,International Journal of Advance Computing Techniques and Applications (IJACTA)
952,International Journal of Advance Engineering and Research Development (IJAERD)
953,International Journal of Advance Foundation and Research in Computer (IJAFRC)
954,International Journal of Advance Foundation and Research in Science and Engineering (IJAFRSE)
955,International Journal of Advance Research and Innovation
956,International Journal of Advance Research and Innovative Ideas in Education (IJARIIE)
957,International Journal of Advance Research in Computer Science And Management Studies (IJARCSMS)
958,International Journal of Advance Research in Science and Engineering (IJARSE)
959,"International Journal of Advance Research, Ideas and Innovations in Technology (IJARIIT)"
960,International Journal of Advanced Academic Research (IJAAR)
961,International Journal of Advanced and Applied Sciences (IJAAS)
962,International Journal of Advanced and Innovative Research (IJAIR)
963,International Journal of Advanced Computer Research
964,International Journal of Advanced Computer Technology (IJACT)
965,International Journal of Advanced Education and Research (IJMRD)
966,International Journal of Advanced Engineering and Management Research (IJAEMR)
967,International Journal of Advanced Engineering and Nano Technology (IJAENT)
968,International Journal of Advanced Engineering Applications
969,International Journal of Advanced Engineering Research and Applications (IJA-ERA)
970,International Journal of Advanced Engineering Research and Science (IJAERS)
971,"International Journal of Advanced Engineering, Science and Technological Research (IJAESTR)"
972,International Journal of Advanced Engineering Science and Technological Research (IJAESTR)
973,"International Journal of Advanced Engineering, Management and Science (IJAEMS)"
974,International Journal of Advanced Information in Arts Science and Management (IJAIASM)
975,International Journal of Advanced Information Science and Technology (IJAIST)
976,International Journal of Advanced Life Sciences
977,International Journal of Advanced Multidisciplinary Research (IJAMR)
978,International Journal of Advanced Networking and Applications (IJANA)
979,International Journal of Advanced Research
980,International Journal of Advanced Research and Publications (IJARP)
981,International Journal of Advanced Research and Review (IJARR)
982,International Journal of Advanced Research in Applied Science and Technology (IJARAST)
983,International Journal of Advanced Research in Biological Sciences (IJARBS)
984,"International Journal of Advanced Research in Biology, Ecology, Science and Technology (IJARBEST)"
985,International Journal of Advanced Research in Computer and Communication Engineering (IJARCCE)
986,International Journal of Advanced Research in Computer Engineering & Technology (IJARCET)
987,International Journal of Advanced Research in Computer Science & Technology (IJARCST)
988,International Journal of Advanced Research in Computer Science and Electronics Engineering (IJARCSEE)
989,International Journal of Advanced Research in Computer Science and Software Engineering (IJARCSSE)
990,International Journal of Advanced Research in Education & Technology (IJARET)
991,International Journal of Advanced Research in Education Technology and Management (IJARETM)
992,"International Journal of Advanced Research in Electrical, Electronics and Instrumentation Engineering (IJAREEIE)"
993,International Journal of Advanced Research in Electronics and Communication Engineering (IJARECE)
994,International Journal of Advanced Research in Engineering & Management (IJAREM)
995,International Journal of Advanced Research in Engineering and Science (IJARES)
996,International Journal of Advanced Research in Innovative Discoveries in Engineering and Applications (IJARIDEA)
997,"International Journal of Advanced Research in Management, Architecture, Technology and Engineering (IJARMATE)"
998,International Journal of Advanced Research in Mechanical Engineering & Technology (IJARMET)
999,International Journal of Advanced Research in Science and Technology (IJARST)
1000,"International Journal of Advanced Research in Science, Engineering and Technology (IJARSET)"
1001,International Journal of Advanced Research Trends in Engineering and Technology (IJARTET)
1002,International Journal of Advanced Science and Engineering Technology (IJASET)
1003,International Journal of Advanced Scientific Research
1004,International Journal of Advanced Scientific Research & Development (IJASRD)
1005,International Journal of Advanced Technology and Engineering Research (IJATER)
1006,International Journal of Advanced Technology and Innovative Research (IJATIR)
1007,International Journal of Advanced Technology and Science (IJATS)
1008,International Journal of Advanced Technology in Engineering and Science (IJATES)
1009,International Journal of Advanced Trends in Computer Applications (IJATCA)
1010,"International Journal of Advancement in Engineering Technology, Management & Applied Science (IJAETMAS)"
1011,International Journal of Advancements in Mechanical and Aeronautical Engineering
1012,International Journal of Advancements in Research & Technology (IJOART)
1013,International Journal of Advances in Applied Mathematics and Mechanics (IJAAMM)
1014,International Journal of Advances in Engineering & Technology (IJAET)
1015,International Journal of Advances in Engineering (IJAE)
1016,International Journal of Advances in Interdisciplinary Research (IJAIDR)
1017,International Journal of Advances in Management and Economics (IJAME)
1018,"International Journal of Advances in Management, Economics and Entrepreneurship (IJAMEE)"
1019,International Journal of Advances in Mathematics
1020,International Journal of Advances in Pharmaceutical Research
1021,International Journal of Advances in Power Systems (IJAPS)
1022,International Journal of Advances in Social Science and Humanities (IJASSH)
1023,International Journal of Advent Research in Computer and Electronics (IJARCE)
1024,International Journal of Aerospace and Mechanical Engineering
1025,International Journal of Aerospace Engineering
1026,International Journal of Agricultural Sciences and Veterinary Medicine (IJASVM)
1027,"International Journal of Agricultural, Forestry & Plantation (IJAFP)"
1028,International Journal of Agriculture and Biosciences (IJAB)
1029,International Journal of Agriculture and Crop Sciences (IJACS)
1030,International Journal of Agriculture and Environmental Research (IJAER)
1031,International Journal of Agriculture Innovations and Research (IJAIR)
1032,"International Journal of Agriculture, Environment and Bioresearch (IJAEB)"
1033,International Journal of Agronomy
1034,International Journal of Agronomy & Plant Production
1035,International Journal of All Research Education & Scientific Methods (IJARESM)
1036,International Journal of Alzheimer’s Disease
1037,International Journal of Analytical Chemistry
1038,International Journal of Analytical Mass Spectrometry and Chromatography
1039,International Journal of Antennas and Propagation
1040,International Journal of Application or Innovation in Engineering & Management (IJAIEM)
1041,International Journal of Applied and Pure Science and Agriculture (IJAPSA)
1042,International Journal of Applied Biology and Pharmaceutical Technology (IJABPT)
1043,International Journal of Applied Dental Sciences
1044,International Journal of Applied Economic Studies
1045,International Journal of Applied Information Systems (IJIAS)
1046,International Journal of Applied Linguistics & English Literature (IJALEL)
1047,International Journal of Applied Pharmaceutical & Biological Research (IJAPBR)
1048,International Journal of Applied Pharmaceutical Sciences and Biological Sciences (IJAPSBS)
1049,International Journal of Applied Research
1050,International Journal of Applied Research & Studies (iJARS)
1051,International Journal of Applied Research in Natural Products (IJARNP)
1052,International Journal of Applied Science and Technology (IJAST)
1053,International Journal of Applied Science Engineering and Management (IJASEM)
1054,International Journal of Applied Sciences and Biotechnology (IJASBT)
1055,International Journal of Applied Sciences and Engineering
1056,"International Journal of Architecture, Civil Engineering and Urban Design (IJACU)"
1057,International Journal of Art and Humanity Science (IJAHS)
1058,International Journal of Artificial Intelligence and Mechatronics
1059,International Journal of Arts and Commerce
1060,International Journal of Arts and Entrepreneurship (IJAE)
1061,International Journal of Arts and Science Research (IJASR)
1062,International Journal of Arts Humanities and Social Sciences (IJAHSS)
1063,"International Journal of Arts, Humanities and Management Studies (IJAHMS)"
1064,International Journal of Astronomy and Astrophysics
1065,International Journal of Ayurveda and Pharma Research
1066,International Journal of Ayurveda and Pharmaceutical Chemistry
1067,International Journal of Basic & Clinical Pharmacology
1068,International Journal of Basic and Applied Science (IBJAS)
1069,International Journal of Basic Medical Sciences and Pharmacy (IJBMSP)
1070,International Journal of Basic Sciences and Applied Computing (IJBSAC)
1071,International Journal of Basic Sciences and Applied Research (IJBSAR)
1072,International Journal of Bio (IJOBIO)
1073,International Journal of Bioassays
1074,International Journal of Biological & Pharmaceutical Research (IJBPR)
1075,International Journal of Biological and Chemical Sciences (IJBCS)
1076,"International Journal of Biology, Pharmacy and Allied Sciences (IJBPAS)"
1077,International Journal of Biomaterials
1078,International Journal of Biomedical Imaging
1079,International Journal of Biomedical Science
1080,International Journal of Biopharmaceutics (IJB)
1081,International Journal of Biosciences and Nanosciences (IJBSANS)
1082,International Journal of Breast Cancer
1083,International Journal of Business and Administration Research Review (IJBARR)
1084,International Journal of Business and Commerce
1085,International Journal of Business and Information (IJBI)
1086,International Journal of Business and Management Invention (IJBMI)
1087,International Journal of Business and Social Research
1088,International Journal of Business and Social Science (IJBSS)
1089,International Journal of Business Management and Commerce (IJBMC)
1090,International Journal of Business Management and Economic Research (IJBMER)
1091,International Journal of Business Management and Economic Studies (IJBMES)
1092,International Journal of Business Marketing and Management (IJBMM)
1093,International Journal of Business Quantitative Economics and Applied Management Research
1094,International Journal of Business Tourism & Applied Sciences
1095,"International Journal of Business, Humanities and Technology (IJBHT)"
1096,International Journal of Case Studies
1097,International Journal of Cell Biology
1098,International Journal of Chemical and Pharmaceutical Sciences (IJCPS)
1099,International Journal of Chemical Engineering
1100,International Journal of Chemical Science and Technology (IJCST)
1101,International Journal of Chemical Studies (IJCS)
1102,International Journal of Chronic Diseases
1103,"International Journal of Civil, Mechanical and Energy Science (IJCMES)"
1104,International Journal of Clean Coal and Energy
1105,International Journal of Clinical and Diagnostic Research (IJCDR)
1106,International Journal of Clinical Cases and Investigations (IJCCI)
1107,International Journal of Clinical Medicine
1108,International Journal of Clinical Practice
1109,International Journal of Collaborative Research on Internal Medicine & Public Health (IJCRIMPH)
1110,International Journal of Commerce and Management Research
1111,International Journal of Communication and Computer Technologies (IJCCTS)
1112,International Journal of Communication and Health
1113,International Journal of Communication Networks and Information Security (IJCNIS)
1114,"International Journal of Communications, Network and System Science"
1115,International Journal of Comprehensive Research in Biological Sciences (IJCRBS)
1116,International Journal of Computation and Applied Sciences (IJOCAAS)
1117,International Journal of Computational Engineering Research (IJCER)
1118,"International Journal of Computational Science, Mathematics and Engineering (IJCSME)"
1119,International Journal of Computer & Communication Engineering Research (IJCCER)
1120,International Journal of Computer & Electronics Research (IJCER)
1121,International Journal of Computer and Information Technology (IJCIT)
1122,International Journal of Computer Application and Engineering Technology (IJCAET)
1123,International Journal of Computer Applications
1124,International Journal of Computer Applications in Engineering Sciences (IJCAES)
1125,International Journal of Computer Applications Technology and Research (IJCATR)
1126,International Journal of Computer Engineering & Applications (IJCEA)
1127,International Journal of Computer Engineering in Research Trends (IJCERT)
1128,International Journal of Computer Games Technology
1129,International Journal of Computer Networks and Applications (IJCNA)
1130,International Journal of Computer Networks and Communications Security (IJCNCS)
1131,International Journal of Computer Science & Communication Security (IJCSCS)
1132,International Journal of Computer Science and Business Informatics
1133,International Journal of Computer Science and Communication Networks (IJCSCN)
1134,International Journal of Computer Science and Information Security
1135,International Journal of Computer Science and Information Technologies
1136,International Journal of Computer Science and Management Studies
1137,International Journal of Computer Science and Mobile Computing
1138,International Journal of Computer Science and Mobile Computing (IJCSMC)
1139,International Journal of Computer Science and Network Security (IJCSNS)
1140,International Journal of Computer Science and Network (IJCSN)
1141,International Journal of Computer Science and Software Engineering (IJCSSE)
1142,International Journal of Computer Science and Technology (IJCST)
1143,International Journal of Computer Science and Telecommunications (IJCST)
1144,International Journal of Computer Science Engineering and Technology (IJCSET)
1145,International Journal of Computer Science Engineering (IJCSE)
1146,International Journal of Computer Science Issues
1147,International Journal of Computer Science Trends and Technology (IJCST)
1148,"International Journal of Computer Science, Information Technology, & Security (IJCSITS)"
1149,International Journal of Computer Systems (IJCS)
1150,International Journal of Computer Technology and Applications (IJCTA)
1151,International Journal of Computer Technology and Electronics Engineering (IJCTEE)
1152,International Journal of Computing Academic Research (IJCAR)
1153,International Journal of Computing and Corporate Research (IJCCR)
1154,International Journal of Computing Science and Information Technology (IJCSIT)
1155,International Journal of Conference Proceedings
1156,International Journal of Contemporary Applied Sciences (IJCAS)
1157,International Journal of Contemporary Medical Research (IJCMR)
1158,International Journal of Contemporary Research and Review (IJCRR)
1159,International Journal of Core Engineering and Management (IJCEM)
1160,International Journal of Corrosion
1161,International Journal of Creative Research Thoughts (IJCRT) (also see IJPUB)
1162,International Journal of Current Advanced Research
1163,International Journal of Current Agricultural Sciences (IJCAR)
1164,International Journal of Current Business and Social Sciences (IJCBSS)
1165,International Journal of Current Engineering Sciences (IJCES)
1166,International Journal of Current Innovation Research (IJCIR)
1167,International Journal of Current Medical and Pharmaceutical Research (CMPR)
1168,International Journal of Current Medical Sciences
1169,International Journal of Current Microbiology and Applied Sciences
1170,International Journal of Current Multidisciplinary Studies
1171,International Journal of Current Pharmaceutical Review and Research
1172,International Journal of Current Research
1173,International Journal of Current Research and Academic Review (IJCRAR)
1174,International Journal of Current Research and Review
1175,International Journal of Current Research in Chemistry and Pharmaceutical Sciences (IJCRCPS)
1176,International Journal of Current Research in Life Sciences (IJCRLS)
1177,International Journal of Current Research in Multidisciplinary (IJCRM)
1178,International Journal of Current Science
1179,International Journal of Current Science and Technology
1180,International Journal of Dental and Health Sciences
1181,International Journal of Dental Science and Clinical Research (IJDSCR)
1182,International Journal of Dental Science and Innovative Research (IJDSIR)
1183,International Journal of Dentistry
1184,International Journal of Dermatopathology and Surgery (IJDS)
1185,International Journal of Development and Sustainability (IJDS)
1186,International Journal of Development Research
1187,International Journal of Differential Equations
1188,International Journal of Digital Communication and Networks (IJDCN)
1189,International Journal of Digital Library Services (IJODLS)
1190,International Journal of Digital Multimedia Broadcasting
1191,International Journal of Distributed Sensor Networks
1192,International Journal of Drug Development and Research (IJDDR)
1193,International Journal of Ecology
1194,International Journal of E-Computer Science Evolution
1195,International Journal of Economics and Finance (IJEF)
1196,International Journal of Economics and Research
1197,"International Journal of Economics, Commerce and Management (IJECM)"
1198,"International Journal of Economics, Finance and Management"
1199,International Journal of Education and Applied Research (IJEAR)
1200,International Journal of Education and Psychological Research (IJEPR)
1201,International Journal of Education and Research
1202,International Journal of Education and Science Research Review (IJESRR)
1203,International Journal of Education and Social Science (IJESS)
1204,International Journal of Educational Investigations (IJEI)
1205,International Journal of Electrical and Electronics Engineers (IJEEE)
1206,International Journal of Electrical Energy (IJOEE)
1207,"International Journal of Electrical, Electronics and Computers (EEC Journal)"
1208,"International Journal of Electrical, Electronics and Mechanical Controls (IJEEMC)"
1209,International Journal of Electrochemical Science
1210,International Journal of Electrochemistry
1211,International Journal of Electronics & Communication Technology (IJECT)
1212,International Journal of Electronics and Computer Science Engineering
1213,International Journal of Electronics and Information Engineering (IJEIE)
1214,International Journal of Electronics Communication and Computer Engineering
1215,International Journal of Electronics Communication and Computer Technology (IJECCT)
1216,"International Journal of Electronics, Communication and Soft Computing Science and Engineering (IJECSCSE)"
1217,International Journal of Emerging Engineering Research and Technology (IJEERT)
1218,International Journal of Emerging Research in Management and Technology (IJERMT)
1219,International Journal of Emerging Science and Engineering (IJESE)
1220,International Journal of Emerging Sciences (IJES)
1221,International Journal of Emerging Technologies and Innovative Research (JETIR)
1222,International Journal of Emerging Technology & Research (IJETR)
1223,International Journal of Emerging Technology and Advanced Engineering
1224,International Journal of Emerging Trends in Electrical and Electronics (IJETEE)
1225,International Journal of Emerging Trends in Pharmaceutical Sciences (IJETPS)
1226,International Journal of Emerging Trends in Research (IJOETR)
1227,International Journal of Emerging Trends in Science and Technology (IJETST)
1228,International Journal of Endocrinology
1229,International Journal of Energy & Technology
1230,International Journal of Energy and Water Resources (IJEWR)
1231,International Journal of Energy Research
1232,International Journal of Engineering & Science Research (IJESR)
1233,International Journal of Engineering & Technology (IJET)
1234,International Journal of Engineering and Advanced Research Technology (IJEART)
1235,International Journal of Engineering and Advanced Technology (IJEAT)
1236,International Journal of Engineering and Applied Sciences
1237,International Journal of Engineering and Computer Science (IJECS)
1238,International Journal of Engineering and Innovative Technology (IJEIT)
1239,International Journal of Engineering and Management Research (IJEMR)
1240,International Journal of Engineering and Science Invention (IJESI)
1241,International Journal of Engineering and Technology (IJET)
1242,International Journal of Engineering Applied Science and Technology (IJEAST)
1243,International Journal of Engineering Associates (IJEA)
1244,International Journal of Engineering Development and Research (IJEDR)
1245,International Journal of Engineering Innovations and Research (IJEIR)
1246,International Journal of Engineering Inventions (IJEI)
1247,International Journal of Engineering Maths and Computer Science
1248,International Journal of Engineering Research
1249,International Journal of Engineering Research & Management (IJERM)
1250,International Journal of Engineering Research & Science (IJOER)
1251,International Journal of Engineering Research & Technology (IJERT)
1252,International Journal of Engineering Research and Applications (IJERA)
1253,International Journal of Engineering Research and Computer Science (IJERCS)
1254,International Journal of Engineering Research and Development (IJERD)
1255,International Journal of Engineering Research and General Science (iJERGS)
1256,International Journal of Engineering Research and Science & Technology (IJERST)
1257,International Journal of Engineering Research and Sports Science (IJERSS)
1258,International Journal of Engineering Researches and Management Studies (IJERMS)
1259,International Journal of Engineering Science & Advanced Technology
1260,International Journal of Engineering Science and Computing (IJESC)
1261,International Journal of Engineering Science and Generic Research (IJESAR)
1262,International Journal of Engineering Science and Innovative Technology (IJESIT)
1263,International Journal of Engineering Science Invention-Research & Development (IJESIRD)
1264,International Journal of Engineering Science Technology And Research (IJESTR)
1265,International Journal of Engineering Sciences & Management (IJESMR)
1266,International Journal of Engineering Sciences & Research Technology (IJESRT)
1267,International Journal of Engineering Studies and Technical Approach (IJESTA)
1268,International Journal of Engineering Technologies and Management Research (IJETMR)
1269,International Journal of Engineering Technology and Computer Research (IJETCR)
1270,International Journal of Engineering Technology and Management (IJETM)
1271,International Journal of Engineering Technology and Scientific Innovation (IJETSI)
1272,"International Journal of Engineering Technology, Management and Applied Sciences (IJETMAS)"
1273,International Journal of Engineering Trends and Applications (IJETA)
1274,International Journal of Engineering Trends and Technology (IJETT)
1275,"International Journal of Engineering, Economics And Management (IJEEM)"
1276,"International Journal of Engineering, Science and Technology"
1277,International Journal of English and Education
1278,International Journal of English Language & Translation Studies (IJ-ELTS)
1279,"International Journal of English Language , Literature & Humanities (IJELLH)"
1280,"International Journal of English Language, Literature and Translation Studies"
1281,"International Journal of English: Literature, Language & Skills (IJELLS)"
1282,International Journal of English Research
1283,International Journal of Enterprise Computing and Business Systems (IJECBS)
1284,International Journal of Environment
1285,"International Journal of Environment, Agriculture and Biotechnology (IJEAB)"
1286,International Journal of Environmental & Agriculture Research
1287,International Journal of Environmental Research and Public Health
1288,International Journal of Environmental Science and Development (IJESD)
1289,"International Journal of Eurasia Social Sciences (Uluslararasi Avrasya Sosyal Bi̇li̇mler Dergi̇si, IJOESS)"
1290,International Journal of Farming and Allied Sciences
1291,International Journal of Fauna and Biological Studies (IJFBS)
1292,International Journal of Financial Studies
1293,International Journal of Fisheries and Aquatic Studies
1294,International Journal of Food and Nutritional Sciences (IJFANS)
1295,International Journal of Food Science
1296,International Journal of Forestry Research
1297,International Journal of Fundamental & Applied Sciences
1298,International Journal of Genomics
1299,International Journal of Geophysics
1300,International Journal of Geosciences
1301,International Journal of Global Communications (IJGC)
1302,International Journal of Global Ideas (IJGI)
1303,International Journal of Governance
1304,International Journal of Green and Herbal Chemistry (IJGHC)
1305,International Journal of Health Medicine and Current Research (IJHMCR)
1306,International Journal of Health Research
1307,International Journal of Health Research in Modern Integrated Medical Sciences (IJHRMIMS)
1308,International Journal of Health Sciences and Research
1309,International Journal of Hepatology
1310,International Journal of Herbal Medicine
1311,International Journal of Hindi Research
1312,"International Journal of History, Arts and Culture (IJHAC)"
1313,International Journal of Home Science
1314,International Journal of Human Resource and Procurement (IJHRP)
1315,International Journal of Human Sciences
1316,International Journal of Humanities & Social Sciences (JHSS)
1317,International Journal of Humanities and Cultural Studies (IJHCS)
1318,International Journal of Humanities and Religion
1319,International Journal of Humanities and Social Science Invention (IJHSSI)
1320,International Journal of Humanities and Social Science Research
1321,International Journal of Humanities and Social Science (IJHSS)
1322,"International Journal of Humanities, Engineering and Pharmaceutical Sciences"
1323,International Journal of Hypertension
1324,International Journal of Indian Psychology
1325,International Journal of Inflammation
1326,International Journal of Information and Communication Technology Research
1327,International Journal of Information and Communication Technology Trends (IJICTT)
1328,International Journal of Information and Education Technology (IJIET)
1329,International Journal of Information Research
1330,International Journal of Information Research and Review (IJIRR)
1331,International Journal of Information Sources and Services: A Research Journal in Library Science (IJSS)
1332,International Journal of Information Technology & Business Management
1333,International Journal of Information Technology & Computer Science (IJITCS)
1334,International Journal of Information Technology and Electrical Engineering (ITEE)
1335,International Journal of Informative and Futuristic Research (IJIFR)
1336,International Journal of Innovation and Research in Educational Sciences (IJIRES)
1337,International Journal of Innovation in Science and Mathematics (IJISM)
1338,International Journal of Innovation Research (IJIR)
1339,International Journal of Innovation Science and Research (IJISR)
1340,International Journal of Innovations in Engineering and Technology (IJIET)
1341,International Journal of Innovations in Engineering Research and Technology (IJIERT)
1342,International Journal of Innovative and Applied Research (IJIAR)
1343,International Journal of Innovative and Emerging Research in Engineering (IJIERE)
1344,International Journal of Innovative Computer Science & Engineering (IJICSE)
1345,International Journal of Innovative Concepts in Research (IJICR)
1346,International Journal of Innovative Ideas
1347,International Journal of Innovative Interdisciplinary Research
1348,International Journal of Innovative Pharmaceutical Research (IJIPR)
1349,International Journal of Innovative Research & Advanced Studies (IJIRAS)
1350,International Journal of Innovative Research and Creative Technology (IJIRCT)
1351,International Journal of Innovative Research and Development
1352,International Journal of Innovative Research and Studies
1353,International Journal of Innovative Research in Advanced Engineering (IJRAE)
1354,International Journal of Innovative Research in Computer and Communication Engineering (IJIRCCE)
1355,International Journal of Innovative Research in Computer Science & Technology (IJIRCST)
1356,"International Journal of Innovative Research in Electrical, Electronics, Instrumentation and Control Engineering (IJIREEICE)"
1357,International Journal of Innovative Research in Engineering & Multidisciplinary Physical Sciences (IJIRMPS)
1358,International Journal of Innovative Research in Engineering and Management (IJIREM)
1359,International Journal of Innovative Research in Medical Science (IJIRMS)
1360,International Journal of Innovative Research in Science and Engineering (IJIRSE)
1361,"International Journal of Innovative Research in Science, Engineering and Technology (IJIRSET)"
1362,International Journal of Innovative Research in Technology & Science (IJIRTS)
1363,International Journal of Innovative Research in Technology (IJIRT)
1364,International Journal of Innovative Science and Modern Engineering (IJISME)
1365,International Journal of Innovative Science and Research Technology (IJISRT)
1366,International Journal of Innovative Science Engineering and Technology (IJISET)
1367,International Journal of Innovative Studies in Sciences and Engineering Technology (IJISSET)
1368,International Journal of Innovative Technologies (IJIT)
1369,International Journal of Innovative Technology and Adaptive Management (IJITAM)
1370,International Journal of Innovative Technology and Creative Engineering (IJITCE)
1371,International Journal of Innovative Technology and Exploring Engineering (IJITEE)
1372,International Journal of Innovative Technology and Research
1373,International Journal of Innovative Trends in Engineering (IJITE)
1374,International Journal of Integrated Computer Applications & Research (IJICAR)
1375,International Journal of Integrated Medical Research (IJOIMR)
1376,International Journal of Intelligence Science
1377,International Journal of Intelligent Systems
1378,International Journal of Interdisciplinary and Multidisciplinary Studies (IJIMS)
1379,"International Journal of Interdisciplinary Research in Science, Society and Culture (IJIRSSC)"
1380,International Journal of Interdisciplinary Scientific Research
1381,International Journal of Internet and Distributed Systems
1382,International Journal of Inventions in Pharmaceutical Sciences (IJIPS)
1383,International Journal of Inventive Engineering and Sciences (IJIES)
1384,International Journal of Language & Linguistics (IJLL)
1385,International Journal of Language and Applied Linguistics (IJLAL)
1386,International Journal of Language Learning and Applied Linguistics World
1387,International Journal of Language Sciences (IntJLS)
1388,"International Journal of Languages, Literature and Linguistics (IJLLL)"
1389,International Journal of Latest Research in Engineering and Computing (IJLREC)
1390,International Journal of Latest Research in Engineering and Technology (IJLRET)
1391,International Journal of Latest Research in Humanities and Social Science (IJLRHSS)
1392,"International Journal of Latest Technology in Engineering, Management & Applied Science (IJLTEMAS)"
1393,International Journal of Latest Trends in Engineering and Technology (IJLTET)
1394,"International Journal of Latest Trends in Engineering, Science and Technology (IJLTEST)"
1395,International Journal of Law and Legal Jurisprudence Studies (IJllJS)
1396,International Journal of Law and Management Studies (IJLMS)
1397,International Journal of Law Research
1398,International Journal of Learning and Teaching (IJLT)
1399,"International Journal of Learning, Teaching and Educational Research"
1400,International Journal of Liberal Arts & Social Science
1401,International Journal of Life science and Pharma Research
1402,International Journal of Life Sciences Biotechnology and Pharma Research (IJLBPR)
1403,International Journal of Lifescience and Pharma Research (IJLPR)
1404,International Journal of Life-Sciences Scientific Research (IJLSSR)
1405,"International Journal of Linguistics, Social and Natural Sciences"
1406,International Journal of Livestock Research
1407,International Journal of Management and Business Studies (IJMBS)
1408,International Journal of Management and Research (IJMR)
1409,International Journal of Management and Social Science Research Review (IJMSRR)
1410,International Journal of Management Research and Business Strategy (IJMRBS)
1411,International Journal of Management Research and Review (IJMRR)
1412,International Journal of Management Sciences and Business Research (IJMSBR)
1413,"International Journal of Management, Accounting & Economics (IJMAE) (IJMA)"
1414,"International Journal of Management, Economics and Social Sciences (IJMESS)"
1415,"International Journal of Materials, Mechanics and Manufacturing (IJMMM)"
1416,International Journal of Mathematical Archive (IJMA)
1417,International Journal of Mathematical Research & Science
1418,International Journal of Mathematical Sciences & Applications (IJMSA)
1419,International Journal of Mathematics And Computer Research (IJMCR)
1420,International Journal of Mathematics and Mathematical Sciences
1421,International Journal of Mathematics and Soft Computing (IJMSC)
1422,International Journal of Mathematics and Statistics Invention (IJMSI)
1423,International Journal of Mechanical Engineering and Information Technology (IJMEIT)
1424,International Journal of Medical and Health Research (IJMHR)
1425,International Journal Of Medical and Health Sciences
1426,"International Journal of Medical Physics, Clinical Engineering and Radiation Oncology"
1427,International Journal of Medical Research
1428,International Journal of Medical Research & Health Sciences (IJMRHS)
1429,International Journal of Medical Research & Review (IJMRR)
1430,International Journal of Medical Research and Pharmaceutical Sciences (IJMRPS)
1431,International Journal of Medical Research Professionals (IJMRP)
1432,International Journal of Medical Science and Advanced Clinical Research (IJMACR)
1433,International Journal of Medical Science and Applied Research (IJMSAR)
1434,International Journal of Medical Science and Clinical Invention (IJMSCI)
1435,International Journal of Medical Science and Diagnosis Research (IJMSDR)
1436,International Journal of Medical Science and Education (IJMSE)
1437,International Journal of Medical Science and Innovative Research (IJMSIR)
1438,International Journal of Medical Science and Public Health (IJMSPH)
1439,International Journal of Medical Science Research and Practice (IJMSRP)
1440,International Journal of Medical Sciences and Health Care (IJMSHC)
1441,"International Journal of Medical, Health Science and Internal Research (IJMHSIR)"
1442,International Journal of Medicine and Biomedical Research
1443,International Journal of Medicine and Biosciences
1444,International Journal of Medicine and Public Health
1445,International Journal of Medicobiologial Research
1446,International Journal of MediPharm Research (IJOMR)
1447,International Journal of Microbiology
1448,International Journal of Modern Chemistry and Applied Science
1449,International Journal of Modern Engineering Research (IJMER)
1450,International Journal of Modern Nonlinear Theory and Application
1451,International Journal of Modern Sciences and Engineering Technology (IJMSET)
1452,International Journal of Modern Trends in Engineering and Science (IJMTES)
1453,International Journal of Molecular Sciences
1454,International Journal of Mosquito Research
1455,International Journal of Multidisciplinary and Current Research (IJMCR)
1456,International Journal of Multidisciplinary and Scientific Emerging Research (IJMSER) also here
1457,International Journal of Multidisciplinary Approach & Studies (IJMAS)
1458,International Journal of Multidisciplinary Consortium (IJMC)
1459,International Journal of Multidisciplinary Education and Research (IJMER)
1460,International Journal of Multidisciplinary Educational Research (IJMER)
1461,International Journal of Multidisciplinary Health Sciences
1462,International Journal of Multidisciplinary Research and Development
1463,International Journal of Multidisciplinary Research and Information
1464,International Journal of Multidisciplinary Research and Modern Education
1465,International Journal Of Multidisciplinary Research and Review (IJMRR)
1466,International Journal of Multidisciplinary Research And Studies (IJMRAS)
1467,International Journal of Multidisciplinary Research Review (IJMDRR)
1468,International Journal of Multidisciplinary Sciences and Engineering (IJMSE)
1469,International Journal of Nanomedicine
1470,International Journal of Neonatal Screening
1471,International Journal of Nephrology
1472,International Journal of Network Security (IJNS)
1473,International Journal of Network Service and Technologies (IJNST)
1474,International Journal of New Innovations in Engineering and Technology (IJNIET)
1475,International Journal of New Technologies in Science and Engineering (IJNTSE)
1476,International Journal of New Technology and Research
1477,"International Journal of New Trends in Arts, Sports & Science Education (IJTASE)"
1478,International Journal of Nonferrous Metallurgy
1479,International Journal of Novel Research and Development (IJNRD)
1480,International Journal of Novel Trends in Pharmaceutical Sciences (IJNTPS)
1481,International Journal of Nursing
1482,International Journal of Obstetrics and Gynaecology Research (IJOGR)
1483,International Journal of Oncology Science (IJOS)
1484,International Journal of Optics
1485,International Journal of Oral Health and Medical Research (IJOHMR)
1486,International Journal of Organic Chemistry
1487,International Journal of Orthopaedics Sciences (IJOS)
1488,International Journal of Otolaryngology
1489,International Journal of Otolaryngology and Head & Neck Surgery
1490,International Journal of Pediatrics (IJP)
1491,International Journal of Pharma and Bio Sciences (IJPBS)
1492,International Journal of Pharma Professional’s Research
1493,International Journal of Pharmaceutical & Research Science (IJPRS)
1494,International Journal of Pharmaceutical and Biological Science Archive (IJPBA)
1495,International Journal of Pharmaceutical and Biomedical Research
1496,International Journal of Pharmaceutical and Clinical Research
1497,International Journal of Pharmaceutical and Phytopharmacological Research (eIJPPR)
1498,International Journal of Pharmaceutical Quality Assurance and Pharmaceutical Analysis
1499,International Journal of Pharmaceutical Research and Allied Sciences (IJPRAS)​
1500,International Journal of Pharmaceutical Research and Applications (IJPRA)
1501,International Journal of Pharmaceutical Research and Bioscience (IJPRBS)
1502,International Journal of Pharmaceutical Research and Development (IJPRD)
1503,International Journal of Pharmaceutical Science Invention (IJPSI)
1504,International Journal of Pharmaceutical Sciences and Business Management
1505,International Journal of Pharmaceutical Sciences and Drug Research
1506,International Journal of Pharmaceutical Sciences and Research (IJPSR)
1507,International Journal of Pharmaceutical Sciences Letters (IJPSL)
1508,International Journal of Pharmaceutical Sciences Review and Research
1509,International Journal of Pharmaceuticals and Health Care Research (IJPHR)
1510,International Journal of Pharmacognosy and Phytochemical Research (IJPPR)
1511,International Journal of Pharmacognosy (IJP)
1512,International Journal of Pharmacology and Physiology (IJPP)
1513,International Journal of Pharmacy
1514,International Journal of Pharmacy & Industrial Research (IJPIR)
1515,International Journal of Pharmacy and Pharmaceutical Research (IJPPR)
1516,International Journal of Pharmacy and Pharmaceutical Sciences
1517,International Journal of Pharmacy and Technology (IJPT)
1518,International Journal of Photoenergy
1519,"International Journal of Physical Education, Sports and Health"
1520,International Journal of Physiotherapy (IJPHY)
1521,International Journal of Plant Biology
1522,"International Journal of Plant, Animal and Environmental Sciences"
1523,International Journal of Polymer Science
1524,International Journal of Power Electronics Engineering
1525,International Journal of Precious Engineering Research and Applications (IJPERA)
1526,International Journal of Preclinical and Pharmaceutical Research (IJPPR)​
1527,"International Journal of Printing, Packaging & Allied Sciences (IJPPAS)"
1528,International Journal of Psycho-Educational Sciences
1529,International Journal of Psychology and Behavioral Research (IJPBR)
1530,International Journal of Psychology and Educational Studies (IJPES)
1531,International Journal of Pure & Applied Bioscience (IJPAB)
1532,International Journal of Pure and Applied Zoology (IJPAZ)
1533,International Journal of Recent Advances in Multidisciplinary Research (IJRAMR)
1534,International Journal of Recent Development in Engineering and Technology (IJRDET)
1535,International Journal of Recent Engineering Research and Development (IJRERD)
1536,International Journal of Recent Research and Applied Studies (IJRRAS)
1537,"International Journal of Recent Research in Science, Engineering and Technology (IJRRSET)"
1538,International Journal of Recent Scientific Research
1539,International Journal of Recent Surgical and Medical Sciences (IJRSMS)
1540,International Journal of Recent Technology and Engineering (IJRTE)
1541,International Journal of Recent Trends in Electrical & Electronics Engineering (IJRTE)
1542,International Journal of Recent Trends in Engineering & Research (IJRTER)
1543,International Journal of Reconfigurable Computing
1544,International Journal of Remote Sensing and Geoscience (IJRSG)
1545,International Journal of Renewable Energy Research (IJRER)
1546,"International Journal of Reproduction, Contraception, Obstetrics and Gynecology (IJRCOG)"
1547,International Journal of Reproductive Medicine
1548,International Journal of Research and Applications (IJRA)
1549,International Journal of Research and Current Development (IJRCD)
1550,International Journal of Research and Development in Pharmacy & Life Sciences (IJRDPL)
1551,International Journal of Research and Development in Technology & Management Sciences Kailash (IJRDTM-Kailash)
1552,International Journal of Research and Engineering (IJRE)
1553,International Journal of Research and Innovation in Computer Engineering (IJRICE)
1554,International Journal of Research and Science Publication (IJRSP)
1555,International Journal of Research Culture Society (IJRCS)
1556,International Journal of Research Development (IJORD)
1557,International Journal of Research GRANTHAALAYAH
1558,International Journal of Research in Advanced Engineering and Technology
1559,International Journal of Research In Advanced Engineering Technologies (IJRAET)
1560,International Journal of Research in Aeronautical and Mechanical Engineering (IJRAME)
1561,International Journal of Research in Agricultural Sciences (IJRAS)
1562,International Journal of Research in Agriculture and Forestry (IJRAF)
1563,International Journal of Research in Ayurveda and Pharmacy IJRAP
1564,International Journal of Research in Business Studies and Management (IJRBSM)
1565,International Journal of Research in Computer and Communication Technology
1566,International Journal of Research in Computer Applications and Robotics (IJRCAR)
1567,International Journal of Research in Computer Engineering & Electronics (IJRCEE)
1568,International Journal of Research in Computer Science
1569,International Journal of Research in Computer Technology
1570,International Journal of Research in Education and Science
1571,International Journal of Research in Education and Social Science (IJRESS)
1572,International Journal of Research in Electronics & Communication Technology (IJRECT)
1573,International Journal of Research in Engineering and Advanced Technology (IJREAT)
1574,International Journal of Research in Engineering and Science (IJREAS)
1575,International Journal of Research in Engineering and Science (IJRES)
1576,International Journal of Research in Engineering and Technology (IJRET)
1577,International Journal of Research in Humanities and Social Sciences (IJRHSS)
1578,International Journal of Research in Library Science (IJRLS)
1579,International Journal of Research in Management & Business Studies (IJRMBS)
1580,International Journal of Research in Mechanical Engineering and Technology (IJRMET)
1581,International Journal of Research in Medical & Applied Sciences (IJRMAS)
1582,International Journal of Research in Medical and Dental Sciences
1583,International Journal of Research in Medical Sciences (IJRMS)
1584,International Journal of Research in Pharmacy and Biosciences (IJRPB)
1585,International Journal of Research in Pharmacy and Science (IJRPS)
1586,International Journal of Research in Science & Engineering (IJRISE)
1587,International Journal of Research in Science & Technology (IJRST)
1588,International Journal of Research in Wireless Systems (IJRWS)​
1589,International Journal of Research Methodology (IJRM)
1590,International Journal of Research Publications (IJRP)
1591,International Journal of Research Publications in Engineering and Technology (IJRPET)
1592,International Journal of Research Science and Management (IJRSM)
1593,International Journal of Review in Applied and Social Sciences (IJRASS)
1594,International Journal of Review in Life Sciences (IJRLS) Also: Hijacked version
1595,International Journal of Reviews in Computing
1596,"International Journal of Reviews, Surveys and Research (IJRSR)"
1597,International Journal of RF and Microwave Computer-Aided Engineering
1598,International Journal of Rheumatology
1599,International Journal of Rotating Machinery
1600,International Journal of Sanskrit Research
1601,International Journal of Science & Engineering Development Research (IJSDR)
1602,International Journal of Science & Technology (IJST)
1603,International Journal of Science and Advanced Technology (IJSAT)
1604,International Journal of Science and Engineering Applications (IJSEA)
1605,International Journal of Science and Engineering Investigations (IJSEI)
1606,International Journal of Science and Research
1607,International Journal of Science and Research Methodology (IJSRM)
1608,International Journal of Science and Technology
1609,International Journal of Science Commerce and Humanities (IJSCH)
1610,International Journal of Science Culture and Sport (IntJSCS)
1611,International Journal of Science Engineering and Advance Technology (IJSEAT)
1612,International Journal of Science Environment and Technology
1613,International Journal of Science Innovations and Discoveries
1614,International Journal Of Science Technology & Management (IJSTM)
1615,International Journal of Science Technology and Engineering
1616,"International Journal of Science, Engineering and Technology Research (IJSETR)"
1617,International Journal of Sciences and Applied Research (IJSAR)
1618,International Journal of Sciences (IJSciences)
1619,International Journal of Scientific & Technology Research (IJSTR)
1620,International Journal of Scientific and Engineering Research (IJSER)
1621,International Journal of Scientific and Research Publications (IJSRP)
1622,International Journal of Scientific and Research (IJSR)
1623,International Journal of Scientific and Technical Advancements (IJSTA)
1624,International Journal of Scientific Engineering and Applied Science (IJSEAS)
1625,International Journal of Scientific Engineering and Science (IJSES)
1626,International Journal of Scientific Engineering and Technology
1627,International Journal of Scientific Engineering and Technology Research (IJSETR)
1628,International Journal of Scientific Management and Development (IJSMD)
1629,International Journal of Scientific Management and Tourism (IJOSMT)
1630,International Journal of Scientific Progress & Research (IJSPR)
1631,International Journal of Scientific Research & Management Studies (IJSRMS)
1632,International Journal of Scientific Research and Application (IJSRA Publishing)
1633,International Journal Of Scientific Research And Education (IJSRE)
1634,International Journal of Scientific Research and Engineering Trends (IJSRET)
1635,International Journal of Scientific Research and Innovative Technology (IJSRIT)
1636,International Journal of Scientific Research and Management (IJSRM)
1637,International Journal of Scientific Research Engineering & Technology (IJSRET)
1638,International Journal of Scientific Research in Education
1639,International Journal of Scientific Research in Information Systems and Engineering (IJSRISE)
1640,International Journal of Scientific Research (IJScR)
1641,International Journal of Scientific Research (IJSR)
1642,International Journal of Scientific Study
1643,International Journal of Signal Processing Systems (IJSPS)
1644,International Journal of Social Science & Economic Research (IJSSER)
1645,International Journal of Social Science and Business (IJSSB)
1646,International Journal of Social Science and Humanity Research (IJSSHR)
1647,International Journal of Social Science and Humanity (IJSSH)
1648,International Journal of Social Sciences and Education (IJSSE)
1649,International Journal of Social Sciences and Entrepreneurship (IJSSE)
1650,International Journal of Social Sciences and Humanities Invention (IJSSHI)
1651,International Journal of Social Sciences and Information Technology (IJSSIT)
1652,International Journal of Society and Technology
1653,"International Journal of Society, Culture & Language (IJSCL)"
1654,International Journal of Soft Computing and Engineering
1655,International Journal of Sport Studies (IJSS)
1656,International Journal of Surgical Oncology
1657,International Journal of Sustainable Development (see OIDA International Journal of Sustainable Development)
1658,International Journal of Teacher Educational Research (IJTER)
1659,International Journal of Technical Research and Applications (IJTRA)
1660,International Journal of Technical Research and Innovation (IJTRI)
1661,International Journal of Technology and Computing (IJTC)
1662,International Journal of Technology Enhancements and Emerging Engineering Research (IJTEEE)
1663,"International Journal of Technology, Education, and Resource Management (IJTERM)"
1664,"International Journal of Technology, Management and Humanities (IJTMH)"
1665,International Journal of Telemedicine and Applications
1666,International Journal of Therapeutic Applications (IJTA)
1667,International Journal of Toxicological and Pharmacological Research
1668,International Journal of Translational Medicine
1669,International Journal of Trend in Research and Development (IJTRD)
1670,International Journal of Trend in Scientific Research and Development (IJTSRD)
1671,International Journal of Trends in Economics Management and Technology (IJTEMT)
1672,"International Journal of Turbomachinery, Propulsion and Power"
1673,International Journal of Universal Pharmacy and Bio Sciences (IJUPBS)
1674,International Journal of Vascular Medicine
1675,International Journal of Veterinary Science
1676,International Journal of Wind and Renewable Energy (IJWRE)
1677,International Journal of Wisdom Based Computing
1678,International Journal of World Research
1679,International Journal of Zoology
1680,International Journal of Zoology Studies
1681,International Journal on Recent and Innovation Trends in Computing and Communication (IJRITCC)
1682,International Journal on Recent Technologies in Mechanical and Electrical Engineering (IJRMEE)
1683,International Journal on Recent Trends in Life Science and Mathematics (IJRTLSM)
1684,International Journal on Research Methodologies in Physics and Chemistry (IJRMPC)
1685,International Journal Online of Humanities (IJOHMN)
1686,"International Letters of Chemistry, Physics and Astronomy"
1687,International Letters of Natural Sciences
1688,International Letters of Social and Humanistic Sciences
1689,International Medical Education
1690,International Medical Journal (hijacker of a legitimate journal)
1691,International Multidisciplinary Research Journal
1692,International Multispeciality Journal of Health
1693,International New Arts and Sciences Research Journal​ (look out for malware/viruses)
1694,"International Proceedings of Chemical, Biological and Environmental Engineering (IPCBEE)"
1695,International Refereed Journal Of Architecture and Design
1696,International Refereed Journal of Engineering and Science (IRJES)
1697,International Refereed Journal of Scientific Research in Engineering (IRJSRE) – the same fake editorial board as IJMER
1698,International Research and Publications in Medical Sciences (IRPMS)
1699,International Research Journal of Advanced Engineering and Science (IRJAES)
1700,International Research Journal of Advanced Engineering in Frontiers (IRJEF)
1701,International Research Journal of Applied and Basic Sciences (IRJABS)
1702,International Research Journal of Applied Finance
1703,International Research Journal of Engineering and Technology (IRJET) (new website here)
1704,International Research Journal of Finance and Economics
1705,International Research Journal of Management Sciences (IRJMS)
1706,International Research Journal of Multidisciplinary Science & Technology (IRJMRS)
1707,International Research Journal of Pharmaceutical and Applied Sciences (IRJPAS)
1708,International Research Journal of Pharmaceutical Sciences (IRJPS)
1709,International Research Journal of Pharmacy (IRJP)
1710,International Research Journal of Sustainable Science & Engineering (IRJSSE)
1711,International Researchers
1712,International Review of Basic and Applied Sciences (IRBAS)
1713,International Review of Humanities and Scientific Research (IRHSR)
1714,International Review of Management and Business Research (IRMBR)
1715,International Review of Social Sciences and Humanities
1716,International Science and Investigation Journal (ISIJ)
1717,"International Scientific Investigations (ISI, Проблемы и перспективы современной науки)"
1718,International Scientific Journal Theoretical & Applied Science
1719,International Scientific Research Journal (IRJ.Science)
1720,International Seven Journal of Multidisciplinary (ISJM)
1721,International Supply Chain Technology Journal (ISCTJ)
1722,International Technical Sciences Journal (ITSJ)
1723,International Transactions on Electrical Energy Systems
1724,Internet Journal of Rheumatology and Clinical Immunology (published by ChanRe Journals)
1725,Invention Journal of Research Technology in Engineering & Management (IJRTEM)
1726,Inventionis
1727,Inventions
1728,IOSR Journal of Engineering
1729,IoT
1730,Iraqi National Journal of Chemistry (IQNJC)
1731,ISPRS International Journal of Geo-Information
1732,Istoriâ Zmievskogo kraâ
1733,Italian Journal of Science & Engineering
1734,J
1735,JACOTECH (Journal of Advanced Computing and Communication Technologies)
1736,Jai Maa Saraswati Gyandayini
1737,Journal Archives of Health
1738,Journal de Afrikana
1739,Journal der Pharmazie Forschung (RAPSR)
1740,Journal for Research (Journal 4 Research - J4R)
1741,Journal Francophone de Cas Clinique
1742,Journal of Academia and Industrial Research
1743,Journal of Accounting and Applied Business Research (JAAABR)
1744,"Journal of Accounting, Ethics & Public Policy"
1745,Journal of Addiction
1746,Journal of Advanced Agricultural Technologies (JOAAT)
1747,Journal of Advanced Medical and Dental Sciences Research (JAMDSR)
1748,"Journal of Advanced Studies in Agricultural, Biological and Environmental Sciences (JABE)"
1749,Journal of Advanced Transportation
1750,Journal of Advanced Veterinary and Animal Research (JAVAR)
1751,Journal of Advances in Civil Engineering (JACE)
1752,Journal of Advances in Electronics and Communication Engineering (JAECE)
1753,Journal of Advances in Information Technology (JAIT)
1754,Journal of Advances in Internal Medicine
1755,Journal of Advances in Mathematics and Computer Science (JAMCS) (associated with ScienceDomain International)
1756,Journal of Advances in Medicine and Medical Research (JAMMR) (associated with ScienceDomain International)
1757,Journal of Advances in Science and Technology (JADBM)
1758,Journal of Advances in Social Science and Humanities
1759,Journal of Ageing and Longevity
1760,Journal of Aging Research
1761,Journal of Agricultural Chemistry and Environment
1762,Journal of Agriculture & Life Sciences (JALS)
1763,"Journal of Agriculture, Forestry & Environmental Sciences"
1764,Journal of American Academic Research (JAAR)
1765,Journal of American Physicians and Surgeons (JPANDS)
1766,Journal of Anaesthesia and Critical Care Case Reports
1767,Journal of Analytical Methods in Chemistry
1768,Journal of Analytical Research
1769,"Journal of Analytical Sciences, Methods and Instrumentation"
1770,"Journal of Animal and Plant Sciences (Nairobi, Kenya)"
1771,Journal of Animal and Poultry Sciences (JAPSC)
1772,Journal of Applicable Chemistry
1773,Journal of Applied Biology & Biotechnology (JABB)
1774,"Journal of Applied Bio-Science, Medicine, and Biology"
1775,Journal of Applied Economics and Business
1776,Journal of Applied Ichthyology
1777,Journal of Applied Linguistics (Dubai)
1778,Journal of Applied Linguistics and Language Research (JALLR)
1779,Journal of Applied Management and Investments (JAMI)
1780,Journal of Applied Management Science
1781,Journal of Applied Mathematics
1782,Journal of Applied Mathematics and Physics
1783,Journal of Applied Pharmaceutical Science
1784,Journal of Applied Pharmacy
1785,Journal of Aquaculture Engineering and Fisheries Research
1786,Journal of Arts and Humanities
1787,"Journal of Arts, Literature, Humanities and Social Sciences (JALHSS) (despite being indexed by DOAJ)"
1788,Journal of Automation and Control Engineering (JOACE)
1789,Journal of Ayurveda and Holistic Medicine (JAHM)
1790,Journal of Ayurveda and Integrated Medical Sciences (JAIMS)
1791,Journal of Basic and Environmental Sciences (JBES)
1792,Journal of Behavioral and Brain Science
1793,Journal of Behavioral Health
1794,Journal of Behavioral Sciences in Asia
1795,Journal of Bio Innovation
1796,Journal of Biological and Scientific Opinion (JBSO)
1797,Journal of Biological Sciences and Medicine (JBSM)
1798,Journal of Biomaterials and Nanobiotechnology
1799,Journal of Biomedical and Pharmaceutical Research (JBPR)
1800,Journal of Biomedical Research & Environmental Sciences
1801,Journal of Biomedical Science and Engineering
1802,Journal of Biomedical Sciences and Biotechnology Research
1803,Journal of Biophysical Chemistry
1804,Journal of Bioscience and Technology (JBST)
1805,Journal of Biosciences and Medicines
1806,Journal of Biospectracal
1807,Journal of Building Construction and Planning Research
1808,Journal of Business & Economic Policy (JBEP)
1809,Journal of Business and Econometrics Studies
1810,Journal of Business Management and Applied Economics
1811,Journal of Business Management and Economic Studies (JBMES)
1812,Journal of Business Studies Quarterly (JBSQ)
1813,Journal of Cancer Epidemiology
1814,Journal of Cancer Therapy
1815,Journal of Cardiac Surgery
1816,Journal of Cardiovascular and Cardiology
1817,Journal of Cardiovascular Development and Disease
1818,Journal of Chemical and Pharmaceutical Research
1819,Journal of Chemical and Pharmaceutical Sciences
1820,"Journal of Chemical, Biological and Physical Sciences (JCBPSC)"
1821,Journal of Chemical Health Risks (JCHR) (hijacked)
1822,Journal of Chemistry
1823,Journal of Chemotherapy and Cancer Research
1824,Journal of Clean Energy Technologies (JOCET)
1825,Journal of Clinical & Translational Ophthalmology
1826,Journal of Clinical and Analytical Medicine (JCAM)
1827,Journal of Clinical and Medical Images
1828,Journal of Clinical Medicine
1829,Journal of Clinical Medicine & Health Care
1830,Journal of Clinical Pharmacy and Therapeutics
1831,Journal of Clinical Psychology and Neurology
1832,Journal of Clinical Research and Case Studies
1833,Journal of Clinical Surgery and Anesthesia
1834,Journal of Coastal Life Medicine
1835,Journal of Combustion
1836,"Journal of Communications Technology, Electronics and Computer Science (JCTECS)"
1837,Journal of Composites Science
1838,Journal of Computer and Communications
1839,Journal of Computer Networks and Communications
1840,Journal of Computers
1841,Journal of Computing
1842,Journal of Computing Technologies (JCT)
1843,Journal of Contemporary Issues in Business Research
1844,Journal of Contemporary Management Sciences (JCMS)
1845,Journal of Contemporary Medical Education
1846,Journal of Control Science and Engineering
1847,"Journal of Cosmetics, Dermatological Sciences and Applications"
1848,Journal of Cosmology
1849,Journal of Crystallization Process and Technology
1850,Journal of Current Pharma Research
1851,Journal of Current Research in Science (JCRS)
1852,Journal of Current Trends in Big Data Analytics
1853,Journal of Cybersecurity and Privacy
1854,Journal of Data Analysis and Information Processing
1855,Journal of Developmental Biology
1856,Journal of Diabetes Mellitus
1857,Journal of Diabetes Research
1858,Journal of Drug Discovery and Therapeutics (JDDT)
1859,Journal of Economics and Banking
1860,Journal of Economics and Engineering
1861,Journal of Economics and Political Economy
1862,"Journal of Economics, Business and Management (JOEBM)"
1863,Journal of Education & Social Policy (JESP)
1864,Journal of Education and Social Science
1865,Journal of Education and Sociology
1866,Journal of Electrical and Computer Engineering
1867,Journal of Electrical Engineering
1868,Journal of Electrical Engineering and Science (JEES)
1869,Journal of Electromagnetic Analysis and Applications
1870,Journal of Electronics Cooling and Thermal Control
1871,Journal of ELT and Applied Linguistics (JELTAL)
1872,Journal of Emerging Trends in Computing and Information Sciences
1873,Journal of Encapsulation and Adsorption Sciences
1874,Journal of Energy
1875,Journal of Engineering
1876,Journal of Engineering and Applied Mathematics (JEAM)
1877,Journal of Engineering Innovation & Research (JEIR)
1878,Journal of Engineering Technology (JoET) (hijacker of a legitimate journal)
1879,Journal of English Language and Literature (JOELL)
1880,Journal of English Language Teaching and Linguistics
1881,Journal of Entomology and Zoology Studies
1882,Journal of Environment and Life Sciences (JELS)
1883,Journal of Environmental and Occupational Science
1884,Journal of Environmental and Public Health
1885,Journal of Environmental Biology
1886,Journal of Environmental Hydrology
1887,Journal of Environmental Nanotechnology
1888,Journal of Environmental Protection
1889,Journal of Environmental Research and Development (JERAD)
1890,Journal of Environmental Science and Agricultural Research
1891,"Journal of Environmental Science, Computer Science and Engineering & Technology (JECET)"
1892,Journal of Evidence Based Medicine and Healthcare (JEBMH)
1893,Journal of Evolution of Research in Dermatology and Venerology (JERDV)
1894,Journal of Evolution of Research in Human Physiology (JERPH)
1895,Journal of Evolution of Research in Medical Microbiology (JERMM)
1896,Journal of Evolution of Research in Medical Pharmacology (JERMP)
1897,Journal of Evolution of Research in Paediatrics and Neonatology (JERPN)
1898,Journal of Excellence in Computer Science and Engineering (JECSE)
1899,Journal of Experimental and Theoretical Analyses
1900,Journal of Experimental Biology and Agricultural Sciences (JEBAS)
1901,Journal of Experimental Sciences
1902,Journal of Financial Education
1903,Journal of Financial Risk Management
1904,Journal of FisheriesSciences.com
1905,"Journal of Flow Control, Measurement & Visualization"
1906,Journal of Food Biochemistry
1907,Journal of Food Processing and Preservation
1908,Journal of Food Quality
1909,"Journal of Food, Agriculture and Environment (JFAE)"
1910,Journal of Function Spaces
1911,Journal of Functional Biomaterials
1912,Journal of Functional Morphology and Kinesiology
1913,Journal of Fundamental and Applied Sciences
1914,Journal of Fungi
1915,Journal of Gastroenterology & Endoscopy
1916,Journal of Genetic and Environmental Resources Conservation (JGERC)
1917,Journal of GeoEnergy
1918,Journal of Geographic Information System
1919,Journal of Geoscience and Environment Protection
1920,Journal of Geotechnical and Transportation Engineering
1921,Journal of Global Biosciences
1922,Journal of Global Business Management
1923,Journal of Global Innovations in Agricultural and Social Sciences (JGIASS)
1924,Journal of Global Pharma Technology (JGPT)​
1925,Journal of Global Research in Computer Science (JGRCS)
1926,Journal of Governance & Regulation
1927,Journal of Gynecological & Obstetrical Research
1928,Journal of Health Economics and Outcomes Research (JHEOR)
1929,"Journal of Health, Sport and Tourism"
1930,Journal of Healthcare Engineering
1931,Journal of HerbMed Pharmacology (JHP)
1932,"Journal of High Energy Physics, Gravitation and Cosmology"
1933,Journal of Human Resource and Adult Learning
1934,Journal of Human Resource and Sustainability Studies
1935,Journal of Humanities and Cultural Studies R&D
1936,Journal of Hydrology and Environment Research (JHER)
1937,Journal of IMAB
1938,Journal of Imaging
1939,"Journal of Immune Based Therapies, Vaccines and Antimicrobials"
1940,Journal of Immunology Research
1941,Journal of Industrial and Intelligent Information (JIII)
1942,Journal of Infectious Diseases & Treatments
1943,Journal of Information Management (JIM)
1944,Journal of Information Security
1945,Journal of Innovations in Applied Pharmaceutical Science (JIAPS)
1946,Journal of Innovations in Pharmaceuticals and Biological Sciences (JIPBS)
1947,Journal of Innovative Biology (JIB)
1948,Journal of Innovative Engineering
1949,Journal of Innovative Research and Solutions (JIRAS)
1950,Journal of Intelligence
1951,Journal of Intelligent Learning Systems and Applications
1952,Journal of Intercultural Ethnopharmacology
1953,Journal of Interdisciplinary Histopathology
1954,Journal of International Academic Research for Multidisciplinary (JIARM)
1955,Journal of International Dental and Medical Research (JIDMR)
1956,Journal of International Environmental Application & Science
1957,Journal of International Management Studies
1958,Journal of International Oral Health (published by Medknow)
1959,Journal of Interventional Cardiology
1960,Journal of Investigational Biochemistry
1961,"Journal of Knowledge Management, Economics and Information Technology"
1962,Journal of Language and Literature
1963,Journal of Law and Ethics
1964,Journal of Lipids
1965,Journal of Low Power Electronics and Applications
1966,Journal of Management and Architecture Research (JOMAAR)
1967,Journal of Manufacturing and Materials Processing
1968,Journal of Marine Science and Engineering
1969,Journal of Marine Sciences
1970,Journal of Material Sciences and Engineering Technology
1971,Journal of Materials and Environmental Science (JMES)
1972,Journal of Materials Science and Chemical Engineering
1973,Journal of Mathematical Finance
1974,Journal of Mathematics
1975,Journal of Mathematics and Technology
1976,Journal of Media & Mass Communication
1977,Journal of Media Critiques (JMC)
1978,Journal of Medical and Clinical Nursing Studies
1979,Journal of Medical Biomedical and Applied Sciences
1980,Journal of Medical Pharmaceutical and Allied Sciences (JMPAS)
1981,Journal of Medical Research and Practice (JMRP)
1982,Journal of Medical Research and Reviews (JMRR)
1983,Journal of Medical Science and Clinical Research (JMSCR)
1984,Journal of Medical Science and Technology
1985,Journal of Metabolic and Diabetes Research
1986,Journal of Microbiology and Antimicrobial Agents (JMAA)
1987,Journal of Middle East and North Africa Sciences (Journal of MENA Sciences)
1988,Journal of Middle East Applied Science and Technology (JMEAST)
1989,Journal of Minerals and Materials Characterization and Engineering
1990,Journal of Modern Physics
1991,Journal of Modern Science & Heritage
1992,Journal of Modern Science And Technology
1993,Journal of Molecular Pathology
1994,Journal of Molecular Pathophysiology
1995,Journal of Multidisciplinary Developments (JOMUDE)
1996,Journal of Multidisciplinary Engineering Science and Technology (JMEST)
1997,Journal of Multidisciplinary Engineering Science Studies (JMESS)
1998,Journal of Nano Innovation
1999,Journal of Nanomaterials
2000,Journal of Nanotechnology
2001,Journal of Nanotheranostics
2002,Journal of Natural Products
2003,Journal of Nature and Science (JNSCI)
2004,Journal of Neurology & Neuromedicine
2005,Journal of New Sciences
2006,Journal of Novel Applied Sciences
2007,Journal of Nuclear Engineering
2008,Journal of Nucleic Acids
2009,Journal of Nursing Management
2010,Journal of Nutrition and Metabolism
2011,Journal of Obesity
2012,Journal of Oncology
2013,Journal of Ophthalmology
2014,Journal of Optimization
2015,Journal of Orthopedics and Physiotherapy
2016,Journal of Osteoporosis
2017,"Journal of Otorhinolaryngology, Hearing and Balance Medicine"
2018,Journal of Parasitology Research
2019,Journal of Pathogens
2020,Journal of Personalized Medicine
2021,Journal of Pharmaceutical and Bioanalytical Science (JPB Science)
2022,Journal of Pharmaceutical and Biological Sciences (JPABS)
2023,Journal of Pharmaceutical and Biomedical Sciences (JPBMS)
2024,"Journal of Pharmaceutical, Chemical and Biological Sciences (JPCBS)"
2025,Journal of Pharmacognosy and Phytochemistry
2026,Journal of Pharmacology and Pharmacotherapeutics (published by Medknow)
2027,Journal of Pharmacy & Pharmaceutical Sciences
2028,Journal of Pharmacy Practice and Community Medicine
2029,Journal of Pharmacy Research (JPR)
2030,Journal of Physical Education Research (JOPER)
2031,Journal of Physical Therapy Science (JPTS)
2032,Journal of Postharvest Technology
2033,Journal of Power and Energy Engineering
2034,Journal of Pregnancy
2035,Journal of Probability and Statistics
2036,Journal of Process Management and New Technologies International (JPMNT)
2037,Journal of Psychology and Theology
2038,Journal of Quantum Information Science
2039,Journal of Rare Diseases Research & Treatment
2040,Journal of Renewable Energy
2041,Journal of Research and Opinion (inactive)
2042,Journal of Research in Anaesthesology and Pain Medicine (JRAP)
2043,Journal of Research in Biology
2044,Journal of Research in Computers and Technology (JRCT)
2045,Journal of Research in Ecology (JRE)
2046,Journal of Research in Forensic Medicine and Toxicology (JRFMT)
2047,Journal of Research in General Surgery and Laparoscopy (JEGSL)
2048,Journal of Research in Human Anatomy and Embryology (JRHAE)
2049,"Journal of Research in Obstetrics, Gynaecology and Infertility (JROGI)"
2050,Journal of Research in Preventive and Social Medicine (JRPSM)
2051,Journal of Research in Psychiatry and Behavioural Sciences (JRPBS)
2052,"Journal of Research in Radiodiagnosis, Teleradiology and Imaging (JRRTI)"
2053,Journal of Research in Traditional Medicine (JRTM)
2054,Journal of Respiration
2055,Journal of Risk and Financial Management
2056,Journal of Robotics
2057,Journal of Science
2058,Journal of Science and Its Applications (JOSAIA)
2059,Journal of Science and Technology Advances
2060,Journal of Science Editing
2061,Journal of Scientific and Engineering Research
2062,Journal of Scientific Letters
2063,Journal of Scientific Research and Development (also here)
2064,Journal of Scientific Research in Pharmacy (JSRP)
2065,Journal of Scientific Research in Physical & Mathematical Sciences
2066,Journal of Scientific Theory and Methods
2067,"Journal of Scientometric Research (published by eManuscript, a publishing division of Phcog.Net)"
2068,Journal of Sensor and Actuator Networks
2069,Journal of Sensor Technology
2070,Journal of Sensors
2071,Journal of Service Science and Managemenent
2072,Journal of Signal and Information Processing
2073,Journal of Skin Cancer
2074,Journal of Smoking Cessation
2075,Journal of Social Issues & Humanities
2076,Journal of Software Engineering and Applications
2077,Journal of Software (JSW)
2078,Journal of Southwest Jiaotong University (hijacker of a legitimate journal)
2079,Journal of Spectroscopy
2080,Journal of Sports Medicine
2081,Journal of Stomatology & Dental Research
2082,Journal of Studies in Social Sciences and Humanities (JSSSH)
2083,Journal of Surface Engineered Materials and Advanced Technology
2084,Journal of Surgery & Patient Care (Surgery Open Access)
2085,Journal of Sustainable Bioenergy Systems
2086,Journal of Talent Development and Excellence (JTDE) (hijacker of a legitimate journal)
2087,Journal of Telecommunications
2088,Journal of Textile Science and Technology
2089,Journal of The International Association of Advanced Technology and Science (JIAATS)
2090,Journal of the Pancreas (JOP)
2091,Journal of the Renin-Angiotensin-Aldosterone System
2092,Journal of Theoretical and Applied Electronic Commerce Research
2093,Journal of Theoretical and Applied Information Technology (JATIT)
2094,Journal of Theoretical Social Psychology
2095,Journal of Thyroid Research
2096,Journal of Tissue Engineering and Regenerative Medicine
2097,Journal of Toxicology
2098,Journal of Transplantation
2099,Journal of Transportation Technologies
2100,Journal of Trends in the Development of Machinery and Associated Technology (TMT proceedings)
2101,Journal of Tropical Medicine
2102,Journal of Tuberculosis Research
2103,Journal of University of Shanghai for Science and Technology (JUSST) (hijacker of the legitimate journal)
2104,Journal of Vascular Diseases
2105,Journal of Water Resource and Protection
2106,Journal of Xenobiotics
2107,Journal of Xi’an Shiyou University (hijacker of a legitimate journal)
2108,Journal of Xi’an University of Architecture & Technology (hijacker of a legitimate journal)
2109,Journal of Xidian University (hijacker of a legitimate journal)
2110,Journal of Zoological and Botanical Gardens
2111,Journal of Zoological Systematics and Evolutionary Research
2112,Journalism and Media
2113,Jundishapur Journal of Health Sciences (JJHS)
2114,Junior Scientific Researcher
2115,Jurnal Teknologi Informasi Dan Komunikasi Dalam Pendidikan (published by Universitas Negeri Medan)
2116,Jurnal Teknologi Pendidikan (published by Universitas Negeri Medan)
2117,Jurnalul de Chirurgie
2118,Justitia Liber
2119,Kashmir Economic Review
2120,Kidney and Dialysis
2121,Kinases and Phosphatases
2122,Knowledge
2123,Land
2124,LangLit
2125,Languages
2126,Laser and Particle Beams
2127,Latin American Journal of Development
2128,Laws
2129,Lecture Notes on Software Engineering (LNSE)
2130,Legal Research Development (LRD)
2131,Letters in Applied NanoBioScience
2132,LiBRI: Linguistic and Literary Broad Research and Innovation
2133,Libro Legis
2134,Life
2135,"Lingua: International Journal of Linguistics, Literature and Culture (Lingua- IJLLC)"
2136,Liquids
2137,Literature
2138,Livers
2139,Logics
2140,Logistics
2141,Lokavishkar International E-Journal
2142,Low Carbon Economy
2143,Lubricants
2144,LUMEN ET VIRTUS (LEV)
2145,Lymphatics
2146,Machine Learning and Knowledge Extraction
2147,Machines
2148,Macromol
2149,Magnetism
2150,Magnetochemistry
2151,MAGNT Research Report (BRIS Journal of Advances in Science and Technology)​
2152,Malti: International Hindi e-Research Journal (मालती: अंतर्राष्ट्रीय हिंदी इ-शोध)
2153,Management Journal
2154,Marine Drugs
2155,Material Design & Processing Communications
2156,Material Science Research India
2157,Materials
2158,Materials Proceedings *
2159,Materials Sciences and Applications
2160,Mathematical and Computational Applications
2161,Mathematical and Computational Applications (MCA)
2162,Mathematical Problems in Engineering
2163,Mathematics
2164,"Mechanics, Materials Science & Engineering Journal (MMSE Journal)"
2165,"Mechanics, Materials Science & Engineering Journal (MMSE)"
2166,Mediators of Inflammation
2167,Medical – Surgical Nursing Journal (MEDSNJ)
2168,Medical Research Archives
2169,Medical Sciences
2170,Medical Sciences Forum *
2171,Medicina
2172,Medicines
2173,Medico Research Chronicles
2174,Medicus
2175,Mediterranean Journal of Biosciences (MJB)
2176,Mediterranean Journal of Chemistry
2177,Mediterranean Journal of Modeling & Simulation
2178,Mediterranean Journal of Physics
2179,MedLife Clinics
2180,Membranes
2181,Mental Illness
2182,Merits
2183,Metabolites
2184,Metals
2185,Meteorology
2186,Methane
2187,Methods and Protocols
2188,Metrology
2189,Micro
2190,Microbiology Research
2191,Micromachines
2192,Microorganisms
2193,Microplastics
2194,Microscopy Research
2195,Minerals
2196,Minimally Invasive Surgery
2197,Mining
2198,Mintage Journal of Pharmaceutical and Medical Sciences
2199,Mitteilungen Klosterneuburg
2200,Mitteilungen Saechsischer Entomologen (published by James Publications)
2201,Mobile Information Systems
2202,Modeling and Numerical Simulation of Material Science
2203,Modelling
2204,Modelling and Simulation in Engineering
2205,Modern Behavioral Science
2206,Modern Chemotherapy
2207,Modern Economy
2208,Modern Instrumentation
2209,Modern Journal of Language Teaching Methods (MJLTM)
2210,Modern Mechanical Engineering
2211,Modern Plastic Surgery
2212,Modern Research in Catalysis
2213,Modern Research in Inflammation
2214,Molbank
2215,Molecular Imaging
2216,Molecules
2217,Mugla Journal of Science and Technology (Muğla Journal of Science and Technology)
2218,Multidisciplinary Scientific Reviewer
2219,Multimodal Technologies and Interaction
2220,Multiple Sclerosis International
2221,Munis Entomology & Zoology
2222,Muscles
2223,Nanoenergy Advances
2224,Nanomanufacturing
2225,Nanomaterials
2226,Nanomaterials and Nanotechnology
2227,NanoWorld Journal (NWJ)
2228,National Journal of Basic Medical Sciences
2229,National Journal of Commerce and Management (NJCM)
2230,National Journal of Community Medicine
2231,National Journal of Medical and Dental Research
2232,"National Journal of Physiology, Pharmacy, and Pharmacology"
2233,Naturae
2234,Natural Resources by SCIRP
2235,Natural Resources by Sustenere
2236,Natural Science
2237,Nature and Conservation
2238,NDT
2239,Network
2240,Neural Plasticity
2241,Neuroglia
2242,Neurology International
2243,Neurology Research International
2244,Neuropsychiatry (London) (connection to Longdom)
2245,NeuroSci
2246,Neuroscience and Medicine
2247,New Directions for Child and Adolescent Development
2248,New Journal of Glass and Ceramics
2249,Nitrogen
2250,Non-Coding RNA
2251,North American Journal of Medical Sciences (published by Medknow)
2252,Norwegian Journal of Development of the International Science
2253,Nursing and Midwifery Studies (published by Medknow)
2254,Nursing Forum
2255,Nursing Reports
2256,Nursing Research and Practice
2257,Nutraceuticals
2258,Nutrients
2259,Obesities
2260,Observatorio de La Economía Latinoamericana
2261,Obstetrics and Gynecology International
2262,Occupational Diseases and Environmental Medicine
2263,Occupational Therapy International
2264,Oceans
2265,OIDA International Journal of Sustainable Development
2266,Onco
2267,Oncology Reviews
2268,"Oncology, Gastroenterology and Hepatology Reports (published by eManuscript, a publishing division of Phcog.Net)"
2269,Oncoscience
2270,Oncotarget
2271,Online International Interdisciplinary Research Journal
2272,Online Journal of Communication and Media Technologies
2273,Online Journal of Library & Information Science (OJLIS)
2274,Opción (hijacker of a legitimate journal)
2275,Open Access Journal of Clinical Images
2276,Open Access Journal of Pediatrics Research
2277,Open Access Journal of Science and Technology
2278,Open Access Library Journal
2279,Open Journal of Accounting
2280,Open Journal of Acoustics
2281,Open Journal of Air Pollution
2282,Open Journal of Anesthesiology
2283,Open Journal of Animal Sciences
2284,Open Journal of Antennas and Propagation
2285,Open Journal of Apoptosis
2286,Open Journal of Applied Biosensor
2287,Open Journal of Applied Sciences
2288,Open Journal of Biophysics
2289,Open Journal of Blood Diseases
2290,Open Journal of Business and Management
2291,Open Journal of Civil Engineering
2292,Open Journal of Clinical & Medical Case Reports
2293,Open Journal of Clinical & Medical Sciences
2294,Open Journal of Clinical Diagnostics
2295,Open Journal of Composite Materials
2296,Open Journal of Depression
2297,Open Journal of Discrete Mathematics
2298,Open Journal of Earthquake Research
2299,Open Journal of Ecology
2300,Open Journal of Emergency Medicine
2301,Open Journal of Endocrine and Metabolic Diseases
2302,Open Journal of Energy Efficiency
2303,Open Journal of Epidemiology
2304,Open Journal of Fluid Dynamics
2305,Open Journal of Forestry
2306,Open Journal of Gastroenterology
2307,Open Journal of Genetics
2308,Open Journal of Geology
2309,Open Journal of Immunology
2310,Open Journal of Inorganic Chemistry
2311,Open Journal of Inorganic Non-metallic Materials
2312,Open Journal of Internal Medicine
2313,Open Journal of Leadership
2314,Open Journal of Marine Science
2315,Open Journal of Medical Imaging
2316,Open Journal of Medical Microbiology
2317,Open Journal of Medical Psychology
2318,Open Journal of Medicinal Chemistry
2319,Open Journal of Metal
2320,Open Journal of Microphysics
2321,Open Journal of Modelling and Simulation
2322,Open Journal of Modern Hydrology
2323,Open Journal of Modern Linguistics
2324,Open Journal of Modern Neurosurgery
2325,Open Journal of Molecular and Integrative Physiology
2326,Open Journal of Nephrology
2327,Open Journal of Nursing
2328,Open Journal of Obstetrics and Gynecology
2329,Open Journal of Ophthalmology
2330,Open Journal of Optimization
2331,Open Journal of Organ Transplant Surgery
2332,Open Journal of Organic Polymer Materials
2333,Open Journal of Orthopedics
2334,Open Journal of Pathology
2335,Open Journal of Pediatrics
2336,Open Journal of Philosophy
2337,Open Journal of Physical Chemistry
2338,Open Journal of Political Science
2339,Open Journal of Polymer Chemistry
2340,Open Journal of Preventive Medicine
2341,Open Journal of Psychiatry
2342,Open Journal of Radiology
2343,Open Journal of Regenerative Medicine
2344,Open Journal of Respiratory Diseases
2345,Open Journal of Rheumatology and Autoimmune Diseases
2346,Open Journal of Safety Science and Technology
2347,Open Journal of Social Sciences
2348,Open Journal of Soil Science
2349,Open Journal of Statistics
2350,Open Journal of Stomatology
2351,Open Journal of Synthesis Theory and Applications
2352,Open Journal of Therapy and Rehabilitation
2353,Open Journal of Thoracic Surgery
2354,Open Journal of Urology
2355,Open Journal of Veterinary Medicine
2356,Open Journal of Yangtze Oil and Gas
2357,Optics
2358,Optics and Photonics Journal
2359,Oral
2360,Organics
2361,Organoids
2362,Oriental Journal of Chemistry
2363,Oriental Journal of Computer Science and Technology
2364,Osteology
2365,Oxidative Medicine and Cellular Longevity
2366,Oxygen
2367,Paideuma Journal of Research (also here) (hijacker of a legitimate journal)
2368,Pain Research and Management
2369,Pain Studies and Treatment
2370,Pakistan Journal of Criminology
2371,Palma Journal
2372,Parasitologia
2373,Paripex Indian Journal of Research (PIJR)
2374,Parkinson’s Disease
2375,Particles
2376,Path of Science (Traektoriâ Nauki)
2377,Pathogens
2378,Pathophysiology
2379,Pattern Recognition in Physics
2380,Pediatric Diabetes
2381,Pediatric Reports
2382,People’s Journal of Scientific Research
2383,Perspectives in Psychiatric Care
2384,Pharma Innovation
2385,Pharmaceutical and Biological Evaluations
2386,Pharmaceuticals
2387,Pharmaceutics
2388,Pharmacie Globale: International Journal of Comprehensive Pharmacy (IJCP)
2389,Pharmacoepidemiology
2390,Pharmacognosy Magazine (published by Phcog.Net)
2391,Pharmacognosy Research (published by Medknow)
2392,Pharmacognosy Reviews (published by Phcog.Net)
2393,Pharmacognosy: Journal of Pharmacognosy and Phytochemistry
2394,Pharmacologia
2395,Pharmacology & Pharmacy
2396,PharmacologyOnline (PhOL)
2397,Pharmacy
2398,PHARMANEST: An International Journal of Advances in Pharmaceutical Sciences
2399,Philosophies
2400,Photochem
2401,Photonics
2402,Phycology
2403,Physchem
2404,Physical Education and Sports Research Journal (Academic Sports Scholars)
2405,Physical Sciences Forum *
2406,Physics
2407,Physiologia
2408,Pioneer-scientists (Pioneer Scientists)
2409,Plant Digest
2410,Plants
2411,Plants Journal / Journal of Medicinal Plants Studies
2412,Plasma
2413,Platforms
2414,POLISH POLAR RESEARCH (hijacker of a legitimate journal)
2415,Pollutants
2416,Polymer Crystallization
2417,Polymers
2418,Polysaccharides
2419,Positioning
2420,Poultry
2421,Powders
2422,PPAR Research
2423,Premier Journal of Artificial Intelligence (PJAI)
2424,Premier Journal of Biomedical Science
2425,Premier Journal of Business and Management (PJBM)
2426,Premier Journal of Cardiology
2427,Premier Journal of Computer Science (PJCS)
2428,Premier Journal of Data Science (PJDS)
2429,Premier Journal of Economics
2430,Premier Journal of Engineering (PJE)
2431,Premier Journal of Environmental Science (PJES)
2432,Premier Journal of Genetics (PJG)
2433,Premier Journal of Immunology (PJI)
2434,Premier Journal of Infectious Diseases
2435,Premier Journal of Neuroscience (PJN)
2436,Premier Journal of Plant Biology (PJPB)
2437,Premier Journal of Psychology
2438,Premier Journal of Public Health (PJPH)
2439,Premier Journal of Science (PJS)
2440,Premier Journal of Social Science (PJSS)
2441,Preslia Journal (hijacker of a legitimate journal)
2442,Proceedings *
2443,Processes
2444,Professionals Center for Business Research
2445,Progress in Physics
2446,Prostate Cancer
2447,Prosthesis
2448,Proteomes
2449,Psych
2450,Psyche: A Journal of Entomology
2451,Psychiatry International
2452,Psychiatry Journal
2453,Psychoactives
2454,Psychology
2455,Publications
2456,Pulmonary Medicine
2457,PunarnaV
2458,Pyxis Journal
2459,Quantum Beam Science
2460,Quantum Engineering
2461,Quantum Reports
2462,Quarterly Physics Review
2463,Quaternary
2464,Radiation
2465,Radiology Research and Practice
2466,Reactions
2467,Receptors
2468,Recycling
2469,Reef Resources Assessment and Management Technical Paper
2470,Rehabilitation Research and Practice
2471,Religions
2472,Remedy Open Access
2473,Remote Sensing
2474,Reports
2475,Reproductive Medicine
2476,Research Ambition
2477,Research Chronicler
2478,Research Chronicles (Research Chronicle in Health Sciences)
2479,Research Dimension
2480,Research Directions: International Multidisciplinary Research Journal (Research Directions Journal)
2481,Research in Biotechnology
2482,Research in Pharmacy and Health Sciences
2483,Research Innovator
2484,Research Inspiration
2485,Research Inventy: International Journal of Engineering and Science
2486,"Research Journal of Life Sciences, Bioinformatics, Pharmaceutical, and Chemical Sciences (RJLBPCS)"
2487,"Research Journal of Pharmaceutical, Biological and Chemical Sciences (RJPBCS)"
2488,Research on Modern Higher Education (published by Asian Academic Press)
2489,Research Opinions in Animal and Veterinary Sciences (ROAVS)
2490,Research Scholar
2491,Research (French version)
2492,"Research, Society and Development"
2493,ResearchDesk
2494,Researchers World – Journal of Arts Science & Commerce
2495,Resources
2496,Review of Research
2497,Reviews of Progress
2498,Revista Brasileira de Administração Científica
2499,Revista Campo da História (RCDH)
2500,Revista Caribeña de Ciencias Sociales
2501,Revista Científica Acertte
2502,Revista Científica Multidisciplinar (RECIMA21)
2503,Revista Científica Multidisciplinar Núcleo do Conhecimento
2504,Revista Científica Saúde e Tecnologia (RECISATEC)
2505,Revista Contemporânea
2506,Revista da Associação Brasileira de Farmácias Vivas (RABFV)
2507,Revista de Educacion (hijacker of a legitimate journal)
2508,Revista de Políticas Públicas & Cidades (RPPC)
2509,Revista de Gestão e Secretariado (GeSeC)
2510,Revista de Gestão Social e Ambiental
2511,Revista Electrónica de las Ciencias Computacionales e Informática (RECI)
2512,Revista FOCO
2513,Revista Gestão e Conhecimento (RGC)
2514,Revista Ibero-Americana de Ciências Ambientais (RICA)
2515,Revista Iberoamericana de Ciencas
2516,"Revista Iberoamericana de Contaduría, Economía y Administración (RICEA)"
2517,Revista Iberoamericana de las Ciencias Biológicas y Agropecuarias (CIBA) (also here)
2518,Revista Iberoamericana de las Ciencias de la Salud (RICS)
2519,Revista Iberoamericana de las Ciencias Sociales y Humanísticas (RICSH)
2520,Revista Iberoamericana para la Investigación y el Desarrollo Educativo (RIDE)
2521,Revista Sodebras (Soluções para o Desenvolvimento do País)
2522,"Revistas Electrónicas UACh (AUS Journal, also here) (hijacker of a legitimate journal)"
2523,Revue Française D'Économie et de Gestion (French journal of Economics and Business)
2524,"RGUSH Journal of Pharmaceutical Sciences (published by eManuscript, a publishing division of Phcog.Net)"
2525,Rheumato
2526,Risks
2527,Robotics
2528,Romanian Biotechnological Letters
2529,Ruminants
2530,Safety
2531,Sanskruti International Multidisciplinary Research Journal (SIMRJ)
2532,Sarcoma
2533,Saudi Medical Journal
2534,Scanning
2535,Schizophrenia Research and Treatment
2536,Scholarly Research Exchange
2537,Scholars World- International Refereed Multidisciplinary Journal Of Contemporary Research
2538,Sci
2539,Science and Engineering Applications (SAEA)
2540,Science and Technology of Nuclear Installations
2541,Science and Technology Publishing
2542,Science International
2543,Science International (Lahore)
2544,Science Park
2545,Science Postprint (SPP)
2546,Science Research Reporter
2547,Science Reuters
2548,Scientia Pharmaceutica
2549,Scientiam Juris
2550,Scientific Light
2551,Scientific Programming
2552,Scientific Research Journal of India
2553,Scientific Research Journal (Scirj)
2554,Scientific Researches
2555,Scientific Transactions in Environment and Technovation
2556,Scientific World
2557,Scientifica
2558,Scire Salutis
2559,Sclerosis
2560,"Scottish Journal of Arts, Social Sciences and Scientific Studies (SJASS)"
2561,SCRO Annual Report Journal
2562,Security and Communication Networks
2563,Seeds
2564,Sensors
2565,Sensors & Transducers Journal
2566,Separations
2567,Seventh Sense Research Group Journal
2568,Sexes
2569,Shiraz E-Medical Journal
2570,Shiv Rudraksha International Journal of Advanced Research in Engineering & Management
2571,Shock and Vibration
2572,Signa Vitae – Journal of Intensive Care and Emergency Medicine
2573,Signals
2574,"Singaporean Journal of Business Economics and Management Studies (SJBEM) (connected to Arabian Group of Journals, AGJ)"
2575,Sinusitis
2576,Sleep Disorders
2577,Smart & Young
2578,Smart Cities
2579,Smart Grid and Renewable Energy
2580,Smart Nanosystems in Engineering and Medicine
2581,Social Evolution
2582,Social Networking
2583,Social Sciences
2584,Societies
2585,"Society: Politics, Economics, Law (Obŝestvo: Politika, Èkonomika, Pravo) (published by LLC Publishing House KHORS)"
2586,Sociology Mind
2587,Soft
2588,Soft Nanoscience Letters
2589,Software
2590,Soil Systems
2591,Solar
2592,Solids
2593,South Asian Journal of Experimental Biology (SAJEB)
2594,South Asian Journal of Food Technology and Environment
2595,South Asian Journal of Mathematics
2596,South Florida Journal of Development
2597,South Florida Journal of Environmental and Animal Science
2598,South Florida Journal of Health
2599,South Indian Journal Of Biological Sciences
2600,South Pacific Journal of Pharma and Bio Sciences (SPJPBS)
2601,South Pacific Journal of Technology and Science (SPJTS)
2602,Spanish Journal of Soil Science
2603,Spectral Analysis Review
2604,Spectroscopy Journal
2605,Sport Science
2606,Sports
2607,Standards
2608,Stats
2609,Stem Cell Discovery
2610,Stem Cells International
2611,Strategic Journal of Business & Change Management
2612,Stresses
2613,Stroke Research and Treatment
2614,Structural Control and Health Monitoring
2615,Studies in Education Sciences (SES)
2616,Studies in Engineering and Exact Sciences (SEES)
2617,Studies in Environmental and Animal Sciences (SEAS)
2618,Studies in Health Sciences (SHS)
2619,Studies in Multidisciplinary Review (SMR)
2620,Studies in Social Sciences Review (SSSR)
2621,Surfaces
2622,Surgeries
2623,Surgery Research and Practice
2624,Surgical Science
2625,Surgical Techniques Development
2626,Sustainability
2627,Sustainable Chemistry
2628,Swedish Journal of Scientific Research (SJSR)
2629,Swiss Chinese Law Review Journal
2630,Swiss Journal of Research in Business and Social Science (SJRBSS)
2631,Symmetry
2632,SynBio
2633,Systems
2634,Tactful Management Research Journal (TMRJ)
2635,Targets
2636,Taxonomy
2637,Taylors Science Gate
2638,Technical Journal of Engineering and Applied Sciences (TJEAS)
2639,Technics Technologies Education Management
2640,Technologies
2641,Technology and Investment
2642,Technology Reports of Kansai University (hijacker of a legitimate journal)
2643,Technology Sciences
2644,Tehnički vjesnik: Technical Gazette (TV-TG)
2645,Telecom
2646,TEST: Engineering & Management (hijacker of a legitimate journal)
2647,Textiles
2648,Thalassemia Reports
2649,The Advanced Science Journal
2650,The Bioscan
2651,The Breast Journal
2652,"The Business Review, Cambridge"
2653,The Criterion: An International Journal in English
2654,The IIOAB Journal
2655,The IJES: The International Journal of Engineering and Science
2656,The International Asian Research Journal (TIARJ)
2657,The International Journal of Applied Research in Veterinary Medicine
2658,The International Journal of Business & Management (The IJBM)
2659,The International Journal of Educational and Psychological Assessment
2660,The International Journal of Humanities & Social Studies
2661,"The International Journal of Knowledge, Innovation and Entreprenurship"
2662,The International Journal of Management
2663,The International Journal of Science & Technoledge
2664,The International Journal of Social and Applied Sciences
2665,The International Journal of Social Sciences (TIJOSS)
2666,The International Tinnitus Journal
2667,The Journal of Academic Social Science Studies (JASSS)
2668,"The Journal of American Academy of Business, Cambridge"
2669,"The Journal of American Business Review, Cambridge"
2670,The Journal of Medical Research
2671,The Macrotheme Review
2672,The Modern Journal of Applied Linguistics (MJAL)
2673,The New American Journal of Medicine (NAJMED)
2674,The Online Journal of Distance Education and e-Learning (TOJDEL)
2675,The Online Journal of New Horizons in Education (TOJNED)
2676,The Online Journal of Science and Technology (TOJSAT)
2677,The Pharma Research (Journal)
2678,The Scientific World Journal
2679,"The Turkish Nephrology, Dialysis and Transplantation Journal"
2680,The Ulutas Medical Journal
2681,The Advance Journals of Engineering Mathematics and Computer Sciences (AJEMCS)
2682,The Annals of EURASIAN MEDICINE
2683,The Caspian Sea Journal (CSJ)
2684,The Dawn Journal
2685,The Electronic Journal of Geotechnical Engineering (EJGE)
2686,The Experiment
2687,The International Interdisciplinary Journal of Education (IIJE)
2688,The Journal of Internet Banking and Commerce
2689,The Journal of Mathematics and Computer Science (JMCS)
2690,The Journal of Nonlinear Science and Applications (JNSA)
2691,The Journal of Pharmaceutical and Scientific Innovation (JPSI)
2692,The Journal of Reading and Literacy (JRL)
2693,The Pharmaceutical and Chemical Journal
2694,The Scitech Journal
2695,Theoretical Economics Letters
2696,Thermo
2697,Tomography
2698,Tourism and Hospitality
2699,Toxics
2700,Toxins
2701,Transboundary and Emerging Diseases
2702,Translational Medicine and Biotechnology (TMB)
2703,Translational Sports Medicine
2704,Transnational Journal of Science and Technology (TJST)
2705,Transplantology
2706,Transworld Medical Journal (TWMJ)
2707,Trauma Care
2708,Trends in Higher Education
2709,Trends Journal of Sciences Research (TJSR)
2710,Tropical Medicine and Infectious Disease
2711,Tropical Plant Research
2712,Tuberculosis Research and Treatment
2713,Turkish Journal of Physiotherapy and Rehabilitation (hijacker of a legitimate journal)
2714,Turkish Journal of Scientific Research
2715,Turkish Online Journal of Educational Technology (TOJET)
2716,Ultra Engineer
2717,Ulutas Genetic Research Journal
2718,Universal Journal of Applied Computer Science and Technology
2719,Universal Journal of Computer Science and Engineering Technology (UniCSE)
2720,Universal Journal of Pharmaceutical Research (UJPR)
2721,Universal Journal of Pharmacy (UJP Online)
2722,Universe
2723,Universe of Emerging Technology and Science (UNIETS)
2724,Urban Science
2725,Uro
2726,Vaccines
2727,Vehicles
2728,Venereology
2729,Veterinary Medicine International
2730,Veterinary Sciences
2731,Vibration
2732,Virtual Worlds
2733,Viruses
2734,Visi Jurnal Akademik
2735,Vision
2736,Voice of the Publisher
2737,Waste
2738,Water
2739,Weberbauerella
2740,Weekly Science International Research Journal
2741,Wind
2742,Wireless Communications and Mobile Computing
2743,Wireless Engineering and Technology
2744,Wireless Power Transfer
2745,Wireless Sensor Network
2746,Women
2747,World
2748,World Academy of Informatics and Management Sciences (WAIMS)
2749,World Applied Sciences Journal
2750,World Electric Vehicle Journal
2751,World Essays Journal (WEJ)
2752,World Journal of Advanced Research and Reviews (WJARR)
2753,World Journal of AIDS
2754,World Journal of Cardiovascular Diseases
2755,World Journal of Cardiovascular Surgery
2756,World Journal of Condensed Matter Physics
2757,World Journal of Engineering and Technology
2758,World Journal of Engineering Research and Technology (WJERT)
2759,"World Journal of Environmental Biosciences (WJEB, also called World Journal of Environmental Biology)"
2760,World Journal of Innovative Research (WJIR)
2761,World Journal of Mechanics
2762,World Journal of Nano Science and Engineering
2763,World Journal of Neuroscience
2764,World Journal of Nuclear Science and Tecnology
2765,World Journal of Pharmaceutical and Life Sciences (WJPLS)
2766,World Journal of Pharmaceutical and Medical Research (WJPMR)
2767,World Journal of Pharmaceutical Research (WJPR)
2768,World Journal of Pharmaceutical Sciences (WJPS)
2769,World Journal of Pharmacy and Pharmaceutical Sciences (WJPPS)
2770,World Journal of Research and Review (WJRR)
2771,World Journal of Science and Technology (WJST)
2772,World Journal of Vaccines
2773,World Medical Student Journal (WorldMSJ)
2774,World Nutrition (WPHNA)
2775,World Scientific News
2776,World Wide Journal of Multidisciplinary Research and Development
2777,Wulfenia (hijacked)
2778,Yangtze Medicine
2779,Youth
2780,Zoonotic Diseases